-- -------------------------------------------------------------
-- TablePlus 3.12.8(368)
--
-- https://tableplus.com/
--
-- Database: Friendzone
-- Generation Time: 2564-06-07 17:42:23.7680
-- -------------------------------------------------------------


/*!40101 SET @OLD_CHARACTER_SET_CLIENT=@@CHARACTER_SET_CLIENT */;
/*!40101 SET @OLD_CHARACTER_SET_RESULTS=@@CHARACTER_SET_RESULTS */;
/*!40101 SET @OLD_COLLATION_CONNECTION=@@COLLATION_CONNECTION */;
/*!40101 SET NAMES utf8mb4 */;
/*!40014 SET @OLD_UNIQUE_CHECKS=@@UNIQUE_CHECKS, UNIQUE_CHECKS=0 */;
/*!40014 SET @OLD_FOREIGN_KEY_CHECKS=@@FOREIGN_KEY_CHECKS, FOREIGN_KEY_CHECKS=0 */;
/*!40101 SET @OLD_SQL_MODE=@@SQL_MODE, SQL_MODE='NO_AUTO_VALUE_ON_ZERO' */;
/*!40111 SET @OLD_SQL_NOTES=@@SQL_NOTES, SQL_NOTES=0 */;


CREATE TABLE `Category` (
  `category_id` varchar(4) NOT NULL,
  `category_name` varchar(20) NOT NULL,
  `icon_white` varchar(128) DEFAULT NULL,
  `icon_black` varchar(128) DEFAULT NULL,
  `color_code` varchar(7) NOT NULL,
  `created_at` bigint NOT NULL,
  `updated_at` bigint NOT NULL,
  PRIMARY KEY (`category_id`),
  UNIQUE KEY `category_id` (`category_id`)
) ENGINE=InnoDB DEFAULT CHARSET=utf8mb4 COLLATE=utf8mb4_0900_ai_ci;

CREATE TABLE `Chat` (
  `chat_id` varchar(8) NOT NULL,
  `sender_id` varchar(8) NOT NULL,
  `message` varchar(256) NOT NULL,
  `created_at` bigint NOT NULL,
  `updated_at` bigint NOT NULL,
  PRIMARY KEY (`chat_id`),
  UNIQUE KEY `chat_id` (`chat_id`),
  KEY `sender_id` (`sender_id`),
  CONSTRAINT `chat_ibfk_1` FOREIGN KEY (`sender_id`) REFERENCES `EventParticipant` (`event_participant_id`) ON DELETE CASCADE ON UPDATE CASCADE
) ENGINE=InnoDB DEFAULT CHARSET=utf8mb4 COLLATE=utf8mb4_0900_ai_ci;

CREATE TABLE `Discount` (
  `discount_id` varchar(8) NOT NULL,
  `name` varchar(64) NOT NULL,
  `description` varchar(256) DEFAULT NULL,
  `discount_pic` varchar(128) DEFAULT NULL,
  `redeem_point` int NOT NULL,
  `limits` int NOT NULL,
  `period_start` bigint NOT NULL,
  `period_end` bigint NOT NULL,
  `expired` bigint NOT NULL,
  `status_id` varchar(4) NOT NULL,
  `created_at` bigint NOT NULL,
  `updated_at` bigint NOT NULL,
  PRIMARY KEY (`discount_id`),
  UNIQUE KEY `discount_id` (`discount_id`),
  KEY `status_id` (`status_id`),
  CONSTRAINT `discount_ibfk_1` FOREIGN KEY (`status_id`) REFERENCES `Status` (`status_id`) ON DELETE CASCADE ON UPDATE CASCADE
) ENGINE=InnoDB DEFAULT CHARSET=utf8mb4 COLLATE=utf8mb4_0900_ai_ci;

CREATE TABLE `Event` (
  `event_id` varchar(8) NOT NULL,
  `host_id` varchar(8) DEFAULT NULL,
  `approver_id` varchar(8) DEFAULT NULL,
  `title` varchar(64) NOT NULL,
  `description` varchar(256) NOT NULL,
  `location` varchar(128) NOT NULL,
  `event_pic` varchar(128) DEFAULT NULL,
  `start_at` bigint NOT NULL,
  `end_at` bigint NOT NULL,
  `max_participant` int NOT NULL,
  `min_age` int NOT NULL,
  `max_age` int NOT NULL,
  `status_id` varchar(4) NOT NULL,
  `created_at` bigint NOT NULL,
  `updated_at` bigint NOT NULL,
  PRIMARY KEY (`event_id`),
  UNIQUE KEY `event_id` (`event_id`),
  KEY `host_id` (`host_id`),
  KEY `approver_id` (`approver_id`),
  KEY `status_id` (`status_id`),
  CONSTRAINT `event_ibfk_1` FOREIGN KEY (`host_id`) REFERENCES `EventParticipant` (`event_participant_id`) ON DELETE CASCADE ON UPDATE CASCADE,
  CONSTRAINT `event_ibfk_2` FOREIGN KEY (`approver_id`) REFERENCES `User` (`user_id`) ON DELETE CASCADE ON UPDATE CASCADE,
  CONSTRAINT `event_ibfk_3` FOREIGN KEY (`status_id`) REFERENCES `Status` (`status_id`) ON DELETE CASCADE ON UPDATE CASCADE
) ENGINE=InnoDB DEFAULT CHARSET=utf8mb4 COLLATE=utf8mb4_0900_ai_ci;

CREATE TABLE `EventCategory` (
  `event_id` varchar(8) NOT NULL,
  `category_id` varchar(4) NOT NULL,
  `status` tinyint(1) NOT NULL,
  `created_at` bigint NOT NULL,
  `updated_at` bigint NOT NULL,
  PRIMARY KEY (`event_id`,`category_id`),
  UNIQUE KEY `event_id` (`event_id`,`category_id`),
  KEY `category_id` (`category_id`),
  CONSTRAINT `eventcategory_ibfk_1` FOREIGN KEY (`event_id`) REFERENCES `Event` (`event_id`) ON DELETE CASCADE ON UPDATE CASCADE,
  CONSTRAINT `eventcategory_ibfk_2` FOREIGN KEY (`category_id`) REFERENCES `Category` (`category_id`) ON DELETE CASCADE ON UPDATE CASCADE
) ENGINE=InnoDB DEFAULT CHARSET=utf8mb4 COLLATE=utf8mb4_0900_ai_ci;

CREATE TABLE `EventGender` (
  `event_id` varchar(8) NOT NULL,
  `gender_id` varchar(4) NOT NULL,
  `status` tinyint(1) NOT NULL,
  `created_at` bigint NOT NULL,
  `updated_at` bigint NOT NULL,
  PRIMARY KEY (`event_id`,`gender_id`),
  UNIQUE KEY `event_id` (`event_id`,`gender_id`),
  KEY `gender_id` (`gender_id`),
  CONSTRAINT `eventgender_ibfk_1` FOREIGN KEY (`event_id`) REFERENCES `Event` (`event_id`) ON DELETE CASCADE ON UPDATE CASCADE,
  CONSTRAINT `eventgender_ibfk_2` FOREIGN KEY (`gender_id`) REFERENCES `Gender` (`gender_id`) ON DELETE CASCADE ON UPDATE CASCADE
) ENGINE=InnoDB DEFAULT CHARSET=utf8mb4 COLLATE=utf8mb4_0900_ai_ci;

CREATE TABLE `EventInvited` (
  `event_invited_id` varchar(8) NOT NULL,
  `inviter_id` varchar(8) NOT NULL,
  `invitee_id` varchar(8) NOT NULL,
  `status_id` varchar(4) NOT NULL,
  `created_at` bigint NOT NULL,
  `updated_at` bigint NOT NULL,
  PRIMARY KEY (`event_invited_id`),
  UNIQUE KEY `inviter_id` (`inviter_id`,`invitee_id`),
  KEY `invitee_id` (`invitee_id`),
  KEY `status_id` (`status_id`),
  CONSTRAINT `eventinvited_ibfk_1` FOREIGN KEY (`inviter_id`) REFERENCES `EventParticipant` (`event_participant_id`) ON DELETE CASCADE ON UPDATE CASCADE,
  CONSTRAINT `eventinvited_ibfk_2` FOREIGN KEY (`invitee_id`) REFERENCES `User` (`user_id`) ON DELETE CASCADE ON UPDATE CASCADE,
  CONSTRAINT `eventinvited_ibfk_3` FOREIGN KEY (`status_id`) REFERENCES `Status` (`status_id`) ON DELETE CASCADE ON UPDATE CASCADE
) ENGINE=InnoDB DEFAULT CHARSET=utf8mb4 COLLATE=utf8mb4_0900_ai_ci;

CREATE TABLE `EventModerator` (
  `event_moderator_id` varchar(8) NOT NULL,
  `moderator_id` varchar(8) NOT NULL,
  `status_id` varchar(4) NOT NULL,
  `created_at` bigint NOT NULL,
  `updated_at` bigint NOT NULL,
  PRIMARY KEY (`event_moderator_id`),
  UNIQUE KEY `moderator_id` (`moderator_id`),
  KEY `status_id` (`status_id`),
  CONSTRAINT `eventmoderator_ibfk_1` FOREIGN KEY (`moderator_id`) REFERENCES `EventParticipant` (`event_participant_id`) ON DELETE CASCADE ON UPDATE CASCADE,
  CONSTRAINT `eventmoderator_ibfk_2` FOREIGN KEY (`status_id`) REFERENCES `Status` (`status_id`) ON DELETE CASCADE ON UPDATE CASCADE
) ENGINE=InnoDB DEFAULT CHARSET=utf8mb4 COLLATE=utf8mb4_0900_ai_ci;

CREATE TABLE `EventParticipant` (
  `event_participant_id` varchar(8) NOT NULL,
  `event_id` varchar(8) NOT NULL,
  `participant_id` varchar(8) NOT NULL,
  `status_id` varchar(4) NOT NULL,
  `created_at` bigint NOT NULL,
  `updated_at` bigint NOT NULL,
  PRIMARY KEY (`event_participant_id`),
  UNIQUE KEY `event_id` (`event_id`,`participant_id`),
  KEY `participant_id` (`participant_id`),
  KEY `status_id` (`status_id`),
  CONSTRAINT `eventparticipant_ibfk_1` FOREIGN KEY (`event_id`) REFERENCES `Event` (`event_id`) ON DELETE CASCADE ON UPDATE CASCADE,
  CONSTRAINT `eventparticipant_ibfk_2` FOREIGN KEY (`participant_id`) REFERENCES `User` (`user_id`) ON DELETE CASCADE ON UPDATE CASCADE,
  CONSTRAINT `eventparticipant_ibfk_3` FOREIGN KEY (`status_id`) REFERENCES `Status` (`status_id`) ON DELETE CASCADE ON UPDATE CASCADE
) ENGINE=InnoDB DEFAULT CHARSET=utf8mb4 COLLATE=utf8mb4_0900_ai_ci;

CREATE TABLE `EventReview` (
  `event_review_id` varchar(8) NOT NULL,
  `reviewer_id` varchar(8) NOT NULL,
  `rating` int NOT NULL,
  `comment` varchar(256) DEFAULT NULL,
  `status_id` varchar(4) NOT NULL,
  `created_at` bigint NOT NULL,
  `updated_at` bigint NOT NULL,
  PRIMARY KEY (`event_review_id`),
  UNIQUE KEY `reviewer_id` (`reviewer_id`),
  KEY `status_id` (`status_id`),
  CONSTRAINT `eventreview_ibfk_1` FOREIGN KEY (`reviewer_id`) REFERENCES `EventParticipant` (`event_participant_id`) ON DELETE CASCADE ON UPDATE CASCADE,
  CONSTRAINT `eventreview_ibfk_2` FOREIGN KEY (`status_id`) REFERENCES `Status` (`status_id`) ON DELETE CASCADE ON UPDATE CASCADE
) ENGINE=InnoDB DEFAULT CHARSET=utf8mb4 COLLATE=utf8mb4_0900_ai_ci;

CREATE TABLE `Follower` (
  `follower_id` varchar(8) NOT NULL,
  `following_id` varchar(8) NOT NULL,
  `status_id` varchar(4) NOT NULL,
  `created_at` bigint NOT NULL,
  `updated_at` bigint NOT NULL,
  PRIMARY KEY (`follower_id`,`following_id`),
  UNIQUE KEY `follower_id` (`follower_id`,`following_id`),
  KEY `following_id` (`following_id`),
  CONSTRAINT `follower_ibfk_1` FOREIGN KEY (`follower_id`) REFERENCES `User` (`user_id`) ON DELETE CASCADE ON UPDATE CASCADE,
  CONSTRAINT `follower_ibfk_2` FOREIGN KEY (`following_id`) REFERENCES `User` (`user_id`) ON DELETE CASCADE ON UPDATE CASCADE
) ENGINE=InnoDB DEFAULT CHARSET=utf8mb4 COLLATE=utf8mb4_0900_ai_ci;

CREATE TABLE `Gender` (
  `gender_id` varchar(4) NOT NULL,
  `gender_name` varchar(8) NOT NULL,
  `created_at` bigint NOT NULL,
  `updated_at` bigint NOT NULL,
  PRIMARY KEY (`gender_id`),
  UNIQUE KEY `gender_id` (`gender_id`)
) ENGINE=InnoDB DEFAULT CHARSET=utf8mb4 COLLATE=utf8mb4_0900_ai_ci;

CREATE TABLE `ParticipantReview` (
  `participant_review_id` varchar(8) NOT NULL,
  `reviewer_id` varchar(8) NOT NULL,
  `participant_id` varchar(8) NOT NULL,
  `rating` int NOT NULL,
  `comment` varchar(256) DEFAULT NULL,
  `status_id` varchar(4) NOT NULL,
  `created_at` bigint NOT NULL,
  `updated_at` bigint NOT NULL,
  PRIMARY KEY (`participant_review_id`),
  UNIQUE KEY `reviewer_id` (`reviewer_id`,`participant_id`),
  KEY `participant_id` (`participant_id`),
  KEY `status_id` (`status_id`),
  CONSTRAINT `participantreview_ibfk_1` FOREIGN KEY (`reviewer_id`) REFERENCES `EventParticipant` (`event_participant_id`) ON DELETE CASCADE ON UPDATE CASCADE,
  CONSTRAINT `participantreview_ibfk_2` FOREIGN KEY (`participant_id`) REFERENCES `EventParticipant` (`event_participant_id`) ON DELETE CASCADE ON UPDATE CASCADE,
  CONSTRAINT `participantreview_ibfk_3` FOREIGN KEY (`status_id`) REFERENCES `Status` (`status_id`) ON DELETE CASCADE ON UPDATE CASCADE
) ENGINE=InnoDB DEFAULT CHARSET=utf8mb4 COLLATE=utf8mb4_0900_ai_ci;

CREATE TABLE `PointTransaction` (
  `point_transaction_id` varchar(8) NOT NULL,
  `participant_id` varchar(8) DEFAULT NULL,
  `user_discount_id` varchar(8) DEFAULT NULL,
  `description` varchar(64) NOT NULL,
  `amount` int NOT NULL,
  `created_at` bigint NOT NULL,
  `updated_at` bigint NOT NULL,
  PRIMARY KEY (`point_transaction_id`),
  UNIQUE KEY `point_transaction_id` (`point_transaction_id`),
  KEY `participant_id` (`participant_id`),
  KEY `user_discount_id` (`user_discount_id`),
  CONSTRAINT `pointtransaction_ibfk_1` FOREIGN KEY (`participant_id`) REFERENCES `EventParticipant` (`event_participant_id`) ON DELETE CASCADE ON UPDATE CASCADE,
  CONSTRAINT `pointtransaction_ibfk_2` FOREIGN KEY (`user_discount_id`) REFERENCES `UserDiscount` (`user_discount_id`) ON DELETE CASCADE ON UPDATE CASCADE
) ENGINE=InnoDB DEFAULT CHARSET=utf8mb4 COLLATE=utf8mb4_0900_ai_ci;

CREATE TABLE `Report` (
  `report_id` varchar(8) NOT NULL,
  `reporter_id` varchar(8) NOT NULL,
  `report_type_id` varchar(4) NOT NULL,
  `title` varchar(64) NOT NULL,
  `description` varchar(256) NOT NULL,
  `event_id` varchar(8) DEFAULT NULL,
  `suspect_id` varchar(8) DEFAULT NULL,
  `admin_id` varchar(8) DEFAULT NULL,
  `status_id` varchar(4) NOT NULL,
  `created_at` bigint NOT NULL,
  `updated_at` bigint NOT NULL,
  PRIMARY KEY (`report_id`),
  UNIQUE KEY `report_id` (`report_id`),
  KEY `reporter_id` (`reporter_id`),
  KEY `report_type_id` (`report_type_id`),
  KEY `event_id` (`event_id`),
  KEY `suspect_id` (`suspect_id`),
  KEY `admin_id` (`admin_id`),
  KEY `status_id` (`status_id`),
  CONSTRAINT `report_ibfk_1` FOREIGN KEY (`reporter_id`) REFERENCES `User` (`user_id`) ON DELETE CASCADE ON UPDATE CASCADE,
  CONSTRAINT `report_ibfk_2` FOREIGN KEY (`report_type_id`) REFERENCES `ReportType` (`report_type_id`) ON DELETE CASCADE ON UPDATE CASCADE,
  CONSTRAINT `report_ibfk_3` FOREIGN KEY (`event_id`) REFERENCES `Event` (`event_id`) ON DELETE CASCADE ON UPDATE CASCADE,
  CONSTRAINT `report_ibfk_4` FOREIGN KEY (`suspect_id`) REFERENCES `User` (`user_id`) ON DELETE CASCADE ON UPDATE CASCADE,
  CONSTRAINT `report_ibfk_5` FOREIGN KEY (`admin_id`) REFERENCES `User` (`user_id`) ON DELETE CASCADE ON UPDATE CASCADE,
  CONSTRAINT `report_ibfk_6` FOREIGN KEY (`status_id`) REFERENCES `Status` (`status_id`) ON DELETE CASCADE ON UPDATE CASCADE
) ENGINE=InnoDB DEFAULT CHARSET=utf8mb4 COLLATE=utf8mb4_0900_ai_ci;

CREATE TABLE `ReportType` (
  `report_type_id` varchar(4) NOT NULL,
  `type_name` varchar(64) NOT NULL,
  `require_event` tinyint(1) NOT NULL,
  `require_suspect` tinyint(1) NOT NULL,
  `status_id` varchar(4) NOT NULL,
  `created_at` bigint NOT NULL,
  `updated_at` bigint NOT NULL,
  PRIMARY KEY (`report_type_id`),
  UNIQUE KEY `report_type_id` (`report_type_id`),
  KEY `status_id` (`status_id`),
  CONSTRAINT `reporttype_ibfk_1` FOREIGN KEY (`status_id`) REFERENCES `Status` (`status_id`) ON DELETE CASCADE ON UPDATE CASCADE
) ENGINE=InnoDB DEFAULT CHARSET=utf8mb4 COLLATE=utf8mb4_0900_ai_ci;

CREATE TABLE `Role` (
  `role_id` varchar(4) NOT NULL,
  `role` varchar(16) NOT NULL,
  `description` varchar(256) NOT NULL,
  `created_at` bigint NOT NULL,
  `updated_at` bigint NOT NULL,
  PRIMARY KEY (`role_id`),
  UNIQUE KEY `role_id` (`role_id`)
) ENGINE=InnoDB DEFAULT CHARSET=utf8mb4 COLLATE=utf8mb4_0900_ai_ci;

CREATE TABLE `Status` (
  `status_id` varchar(4) NOT NULL,
  `status_name` varchar(16) NOT NULL,
  `created_at` bigint NOT NULL,
  `updated_at` bigint NOT NULL,
  PRIMARY KEY (`status_id`),
  UNIQUE KEY `status_id` (`status_id`)
) ENGINE=InnoDB DEFAULT CHARSET=utf8mb4 COLLATE=utf8mb4_0900_ai_ci;

CREATE TABLE `User` (
  `user_id` varchar(8) NOT NULL,
  `username` varchar(16) NOT NULL,
  `password` varchar(64) NOT NULL,
  `email` varchar(64) NOT NULL,
  `firstname` varchar(64) NOT NULL,
  `lastname` varchar(64) NOT NULL,
  `birthdate` bigint NOT NULL,
  `gender_id` varchar(4) NOT NULL,
  `phone` varchar(10) NOT NULL,
  `profile_pic` varchar(128) DEFAULT NULL,
  `bio` varchar(150) DEFAULT NULL,
  `role_id` varchar(4) NOT NULL,
  `status_id` varchar(4) NOT NULL,
  `created_at` bigint NOT NULL,
  `updated_at` bigint NOT NULL,
  PRIMARY KEY (`user_id`),
  UNIQUE KEY `user_id` (`user_id`,`username`,`email`,`phone`),
  KEY `gender_id` (`gender_id`),
  KEY `role_id` (`role_id`),
  KEY `status_id` (`status_id`),
  CONSTRAINT `user_ibfk_1` FOREIGN KEY (`gender_id`) REFERENCES `Gender` (`gender_id`) ON DELETE CASCADE ON UPDATE CASCADE,
  CONSTRAINT `user_ibfk_2` FOREIGN KEY (`role_id`) REFERENCES `Role` (`role_id`) ON DELETE CASCADE ON UPDATE CASCADE,
  CONSTRAINT `user_ibfk_3` FOREIGN KEY (`status_id`) REFERENCES `Status` (`status_id`) ON DELETE CASCADE ON UPDATE CASCADE
) ENGINE=InnoDB DEFAULT CHARSET=utf8mb4 COLLATE=utf8mb4_0900_ai_ci;

CREATE TABLE `UserCategory` (
  `user_id` varchar(8) NOT NULL,
  `category_id` varchar(4) NOT NULL,
  `interest` tinyint(1) NOT NULL,
  `created_at` bigint NOT NULL,
  `updated_at` bigint NOT NULL,
  PRIMARY KEY (`user_id`,`category_id`),
  UNIQUE KEY `user_id` (`user_id`,`category_id`),
  KEY `category_id` (`category_id`),
  CONSTRAINT `usercategory_ibfk_1` FOREIGN KEY (`user_id`) REFERENCES `User` (`user_id`) ON DELETE CASCADE ON UPDATE CASCADE,
  CONSTRAINT `usercategory_ibfk_2` FOREIGN KEY (`category_id`) REFERENCES `Category` (`category_id`) ON DELETE CASCADE ON UPDATE CASCADE
) ENGINE=InnoDB DEFAULT CHARSET=utf8mb4 COLLATE=utf8mb4_0900_ai_ci;

CREATE TABLE `UserDiscount` (
  `user_discount_id` varchar(8) NOT NULL,
  `user_id` varchar(8) NOT NULL,
  `discount_id` varchar(8) NOT NULL,
  `status_id` varchar(4) NOT NULL,
  `created_at` bigint NOT NULL,
  `updated_at` bigint NOT NULL,
  PRIMARY KEY (`user_discount_id`),
  UNIQUE KEY `user_discount_id` (`user_discount_id`),
  KEY `user_id` (`user_id`),
  KEY `discount_id` (`discount_id`),
  KEY `status_id` (`status_id`),
  CONSTRAINT `userdiscount_ibfk_1` FOREIGN KEY (`user_id`) REFERENCES `User` (`user_id`) ON DELETE CASCADE ON UPDATE CASCADE,
  CONSTRAINT `userdiscount_ibfk_2` FOREIGN KEY (`discount_id`) REFERENCES `Discount` (`discount_id`) ON DELETE CASCADE ON UPDATE CASCADE,
  CONSTRAINT `userdiscount_ibfk_3` FOREIGN KEY (`status_id`) REFERENCES `Status` (`status_id`) ON DELETE CASCADE ON UPDATE CASCADE
) ENGINE=InnoDB DEFAULT CHARSET=utf8mb4 COLLATE=utf8mb4_0900_ai_ci;

CREATE TABLE `UserInterest` (
  `user_id` varchar(8) NOT NULL,
  `event_id` varchar(8) NOT NULL,
  `interest` tinyint(1) NOT NULL,
  `created_at` bigint NOT NULL,
  `updated_at` bigint NOT NULL,
  PRIMARY KEY (`user_id`,`event_id`),
  UNIQUE KEY `user_id` (`user_id`,`event_id`),
  KEY `event_id` (`event_id`),
  CONSTRAINT `userinterest_ibfk_1` FOREIGN KEY (`user_id`) REFERENCES `User` (`user_id`) ON DELETE CASCADE ON UPDATE CASCADE,
  CONSTRAINT `userinterest_ibfk_2` FOREIGN KEY (`event_id`) REFERENCES `Event` (`event_id`) ON DELETE CASCADE ON UPDATE CASCADE
) ENGINE=InnoDB DEFAULT CHARSET=utf8mb4 COLLATE=utf8mb4_0900_ai_ci;

INSERT INTO `Category` (`category_id`, `category_name`, `icon_white`, `icon_black`, `color_code`, `created_at`, `updated_at`) VALUES
('CA01', 'Food', 'white/CA01-white-icon8-food-64.png', 'black/CA01-black-icon8-food-64.png', '#FE6464', 1618500397, 1618500397),
('CA02', 'Entertainment', 'white/CA02-white-icons8-micro-64@2x.png', 'black/CA02-black-icons8-micro-64@2x.png', '#FFA143', 1618500397, 1618500397),
('CA03', 'Travel', 'white/CA03-white-icons8-airport-64@2x.png', 'black/CA03-black-icons8-airport-64@2x.png', '#8FD81C', 1618500397, 1618500397),
('CA04', 'Festival/Concert', 'white/CA04-white-icons8-merry-go-round-80@2x.png', 'black/CA04-black-icons8-merry-go-round-100@2x.png', '#FE64C3', 1618500397, 1618500397),
('CA05', 'Education', 'white/CA05-white-icons8-book-and-pencil-64@2x.png', 'black/CA05-black-icons8-book-and-pencil-64@2x.png', '#FFC645', 1618500397, 1618500397),
('CA06', 'Sport', 'white/CA06-white-icons8-soccer-ball-64@2x.png', 'black/CA06-black-icons8-soccer-ball-64@2x.png', '#43C4A1', 1618500397, 1618500397),
('CA07', 'Games', 'white/CA07-white-icons8-game-controller-64@2x.png', 'black/CA07-black-icons8-game-controller-64@2x.png', '#64B7FE', 1618500397, 1618500397),
('CA08', 'Music', 'white/CA08-white-icons8-musical-notes-64.png', 'black/CA08-black-icons8-musical-notes-dark-64.png', '#1B55A3', 1622984563999, 1622984564653);

INSERT INTO `Chat` (`chat_id`, `sender_id`, `message`, `created_at`, `updated_at`) VALUES
('CH000001', 'EP000006', 'เราต้องเตรียมอะไรไปบ้างเหรอครับทริปนี้', 1622981547857, 1622981547857),
('CH000002', 'EP000003', 'เดี๋ยวพอคนเข้าเยอะจำนวนนึงจะโพสรายละเอียดอีกทีนะครับ', 1622981604592, 1622981604592),
('CH000003', 'EP000006', 'ได้เลยครับผม', 1622981622684, 1622981622684),
('CH000004', 'EP000006', 'ขอบคุณมากครับ', 1622981627823, 1622981627823),
('CH000005', 'EP000004', 'Hello!', 1622981981422, 1622981981422),
('CH000006', 'EP000004', 'Welcome Pound!', 1622982098816, 1622982098816),
('CH000007', 'EP000007', 'Hi', 1622982104639, 1622982104639),
('CH000008', 'EP000007', 'เราต้องจองก่อนเข้าไปมั้ยอ่ะ', 1622982156897, 1622982156897),
('CH000009', 'EP000007', 'หรือเรา Walk In เข้าไปได้เลย', 1622982169578, 1622982169578),
('CH000010', 'EP000004', 'เราจองให้แล้วไม่ต้องเป็นห่วง!! 12 ที่ 2 โต๊ะ', 1622982186630, 1622982186630),
('CH000011', 'EP000007', 'งั้นชวนเพื่อนต่อกัน', 1622982203130, 1622982203130),
('CH000012', 'EP000019', 'สวัสดี', 1622986012799, 1622986012799),
('CH000013', 'EP000027', 'พรุ่งนี้เที่ยงนะเพื่อนๆ', 1623002424412, 1623002424413),
('CH000014', 'EP000028', 'ได้ๆๆ', 1623002438512, 1623002438512),
('CH000015', 'EP000028', 'เจอกันหน้าม.เลยมั้ย', 1623002445334, 1623002445334),
('CH000016', 'EP000029', 'ไปด้วยย', 1623002662157, 1623002662157),
('CH000017', 'EP000004', 'ดี ม า ก ! ชวนเพื่อนมากเยอะๆ นะ จะได้ไม่น่าเบื่อ', 1622987322401, 1622987322401),
('CH000018', 'EP000029', 'เจอที่ร้านเลยก็ได้นะ', 1623003181942, 1623003181942),
('CH000019', 'EP000030', 'งั้นเราเจอที่ร้านนะ', 1623003207673, 1623003207673),
('CH000020', 'EP000027', 'ได้ๆ', 1623003209060, 1623003209060),
('CH000021', 'EP000013', 'เพื่อนๆ', 1623008628667, 1623008628667),
('CH000022', 'EP000013', 'ทำโปรเจคเสร็จกันยังอะ', 1623008645677, 1623008645678),
('CH000023', 'EP000013', 'ส่งพรุ่งนี้แล้วนะ', 1623008652106, 1623008652106),
('CH000024', 'EP000013', 'กลุ่มเราเสร็จแล้วมีอะไรให้ช่วยมั้ย', 1623008664294, 1623008664294),
('CH000025', 'EP000011', 'เรายังไม่เสร็จเลย ;-; เหลือทำ Dummy ข้อมูลอะ เยออะมากเลย', 1623008731193, 1623008731193),
('CH000026', 'EP000011', 'หวังว่าอาจารย์จะประทับใจงานเรานะ เราตั้งใจทำมากๆเลย', 1623008771972, 1623008771972),
('CH000027', 'EP000050', 'กำลังจะถ่ายคลิป Presentation แต่ดันเจอบัคซะงั้น', 1623008780852, 1623008780852),
('CH000028', 'EP000051', 'อาจารย์ออกจะใจดี น่ารักกกกกก', 1623008783760, 1623008783760),
('CH000029', 'EP000050', 'วัยรุ่นเซง', 1623008791847, 1623008791847),
('CH000030', 'EP000051', 'บัคอะไรหรอ?', 1623008797529, 1623008797529),
('CH000031', 'EP000013', 'บัคไม่ชัวร์อะ', 1623008825825, 1623008825825),
('CH000032', 'EP000013', 'แต่ที่ชัวร์คือรักอาจารย์นะครับ', 1623008840315, 1623008840315),
('CH000033', 'EP000051', 'ซารางเฮครับ', 1623008851371, 1623008851371),
('CH000034', 'EP000050', 'เช่นกันครับ เลิฟๆ', 1623008862854, 1623008862854),
('CH000035', 'EP000013', 'พี่ทีเอก็น่ารักทั้งหมดเลย', 1623008916003, 1623008916003),
('CH000036', 'EP000013', 'เค้าสอนแต่ละแลปดีมากอ่ะ', 1623008926414, 1623008926414),
('CH000037', 'EP000013', 'เราเข้าใจจนทำโปรเจคได้ไวเลย', 1623008935602, 1623008935602),
('CH000038', 'EP000050', 'เสียดายที่เทอมนี้เรียนออนไลน์', 1623008995882, 1623008995882),
('CH000039', 'EP000050', 'ยังไม่ได้เจอหน้าอ. ที่น่ารักเลย', 1623009012398, 1623009012398),
('CH000040', 'EP000013', 'จริง', 1623009026057, 1623009026057),
('CH000041', 'EP000013', 'ถ้าเราได้เรียนที่ม. น่าจะสนุกน่าดูเลย', 1623009035264, 1623009035264),
('CH000042', 'EP000011', 'เราว่าใครทำโปรเจ็คไม่เสร็จไปทำก่อนเถอะนะ ;-;', 1623009058124, 1623009058124),
('CH000043', 'EP000013', ' ง่วงจัง', 1623013348117, 1623013348117),
('CH000044', 'EP000131', 'Hello guys~ I know all of you must wait for my location!', 1623040143489, 1623040143489),
('CH000045', 'EP000131', 'Here it is --> 23/99 White St, Black R, Samutsahus, Kalaland ', 1623040182212, 1623040182212),
('CH000046', 'EP000131', 'Hope to see you all ><! ', 1623040200776, 1623040200776),
('CH000047', 'EP000136', 'Ah, this is so hard to find, maybe I cannot make it. ;-;', 1623040260122, 1623040260122),
('CH000048', 'EP000133', 'Oh yeah, me too. TT Why do you live in such place? So mystery...', 1623040385903, 1623040385903),
('CH000049', 'EP000123', 'Guys dont you think we forget something?', 1623061764066, 1623061764066),
('CH000050', 'EP000123', 'the UID, how can I suppose to join your world without being your friend', 1623061791832, 1623061791832),
('CH000051', 'EP000116', 'Oh, yeah. You are right, sry. ', 1623061836290, 1623061836290);

INSERT INTO `Discount` (`discount_id`, `name`, `description`, `discount_pic`, `redeem_point`, `limits`, `period_start`, `period_end`, `expired`, `status_id`, `created_at`, `updated_at`) VALUES
('DC000001', 'Auntie Anne\'s - Free Mini Pretzel-Dog', 'ฟรี มินิ เพรทเซลด็อกส์ ปาร์ตี้ นีกเก็ต (15 ชิ้น) แลกได้ทุกสาขา', 'DC000001/DC000001-260920190936451shop_gallery.jpeg', 3000, 0, 1622983200000, 1641474000000, 1649250000000, 'ST02', 1622982917777, 1622982918061),
('DC000002', 'Lazada - THB10 off', 'แจกฟรีไปเลย ลดราคาสินค้าจำนวน 5 บาทสำหรับลูกค้า Friendzone Application จำนวน 2 ใบ', 'DC000002/DC000002-563000005475701.jpeg', 0, 2, 1622983200000, 1649127600000, 1654484400000, 'ST02', 1622983079138, 1622983079545),
('DC000003', 'Major Cineplex - Buy 1 Free 1 Ticket', 'สิทธิพิเศษสำหรับผู้ใช้ Friendzone สามาถใช้ได้ทุกสาขา โปรดแสดงให้เจ้าหน้าที่ก่อนซื้อตั๋ว', 'DC000003/DC000003-major-cineplex.jpeg', 2000, 2, 1622983500000, 1625662800000, 1654520400000, 'ST02', 1622983265525, 1622983266019),
('DC000004', 'บัน\'s TOWN - ส่วนลด 20 บาทเมื่อยอดครบ 400 บาท', 'ลดทันที 20 บาทเมื่อยอดครบ 400 บาทต่อ 1 บิล สำหรับนักศึกษาแถวม. หรือ ผู้ใช้ Application Friendzone!', 'DC000004/DC000004-เพิ่มหัวเรื่องย่อย.png', 400, 0, 1622983800000, 1628218800000, 1638882000000, 'ST02', 1622983482652, 1622983482858),
('DC000005', 'Santorini Park - ส่วนลดบัตรสวนสนุกซานโตรินี 20%', 'ต้องนำ E-Voucher ไปแลกเป็นบัตรจริงก่อนเข้าใช้บริการ ณ จุดจำหน่ายตั๋วของสวนสนุกซานโตรินี พาร์ค ชะอำ', 'DC000005/DC000005-giphy.gif', 1000, 2, 1623007860000, 1625626800000, 1628305200000, 'ST02', 1623007742390, 1623007742626),
('DC000006', 'KFC - คูปองเงินสด 100.-', 'คูปองเงินสด 100.-\nสามารถใช้ได้กับสินค้าทุกรายการในร้าน\n**ใช้ได้ทุกสาขา ยกเว้นสาขาสนามบิน', 'DC000006/DC000006-2981c21fc780b6df357e0f82d31dbd81.jpg', 2200, 2, 1623009000000, 1623646800000, 1624986000000, 'ST10', 1623008283159, 1623011407540),
('DC000007', 'Spotify - Get 3 months of Premium for free', 'Get your first 3 months of Spotify Premium free when you buy this account for Friendzone Application', 'DC000007/DC000007-Spotify-Premium-Card-136-mth-denominations-1.png', 0, 2, 1623009660000, 1633669200000, 1633834800000, 'ST02', 1623009548145, 1623009548319),
('DC000008', 'Bitcoin Course - ส่วนลดคอร์สสอนเทรด Bitcoin 50%', 'ลดไปเลย 50% สำหรับใครที่เป็นมือใหม่ อยากเริ่มต้นเทรดบิทคอยน์ แต่ไม่รู้จะเริ่มอย่างไรดี และไม่รู้จะไปหา​คอร์สเรียนที่ไหน มาได้ที่นี่ www.bigbitcoin.com/courses', 'DC000008/DC000008-_117317842_065760657.jpg', 200, 1, 1623009840000, 1657144800000, 1659823200000, 'ST02', 1623009787834, 1623009787992),
('DC000009', 'Make a THB20 donation COVID-19', 'Use 3500 Friendzone coin to make a THB20 donation support \"COVID-19\" and Recovery Support Project by Rama Foundation', 'DC000009/DC000009-dt.gif', 3500, 0, 1623010080000, 1630990800000, 1633669200000, 'ST02', 1623010044805, 1623010044964),
('DC000010', 'Pandora - ลด 30% เมื่อซื้อของมูลค่า 6000 บาทขึ้นไป', 'Pandora Thank You Day จัดมาเพื่อทุกคนด้วย Exclusive Offer แทนคำขอบคุณจาก Pandora ที่ให้เราเป็นส่วนหนึ่งในเรื่องราวทุกช่วงเวลาสำคัญในชีวิตของคุณ', 'DC000010/DC000010-Mobile.jpeg', 0, 1, 1623042000000, 1625626800000, 1628305200000, 'ST02', 1623011384664, 1623011384909),
('DC000011', 'Friendzone - ลดราคา THB30 บัตรเข้างานเปิดตัวเว็ป Friendzone ', 'เชิญชวนทุกท่านเข้างานเปิดตัวเว็ป Friendzone ในวันที่ 9 เดือนหน้ากันนะครับทุกคน มากันเยอะๆน้า', 'DC000011/DC000011-friendzone-background.jpg', 0, 1, 1623038400000, 1623128400000, 1623243600000, 'ST02', 1623011683512, 1623011683755),
('DC000012', 'McDonald\'s - เฟรนช์ฟรายส์ ลด 50 %', 'เราจะอ้วนไปด้วยกัน...ลดแบบนี้แท็กเพื่อนตี้ด่วนเลย', 'DC000012/DC000012-mcdonalds-playful-packaging-pearlfisher-design__dezeen_2364_col_3-852x479.jpeg', 100, 2, 1623013200000, 1623121200000, 1623294000000, 'ST02', 1623012043795, 1623012043974),
('DC000013', 'Animate BKK Online Shop 20% Discount', 'Use this discount for 20% promotion in animate Bangkok website', 'DC000013/DC000013-AnimateBKK.jpeg', 1500, 1, 1623036600000, 1623517140000, 1625072340000, 'ST02', 1623036440357, 1623036440379);

INSERT INTO `Event` (`event_id`, `host_id`, `approver_id`, `title`, `description`, `location`, `event_pic`, `start_at`, `end_at`, `max_participant`, `min_age`, `max_age`, `status_id`, `created_at`, `updated_at`) VALUES
('EV000001', 'EP000001', 'US000001', 'ไปเที่ยวกาญจนบุรีกันน !!', 'แพพักที่ได้รับฉายาว่า มัลดีฟส์น้ำจืดแห่งแรกในเมืองไทย รายล้อมไปด้วยบรรยากาศของทิวเขาและสายน้ำที่ใสราวกับแผ่นกระจกของเขื่อนศรีนครินทร์ เรียกว่าเป็นสวรรค์บนผืนน้ำจืด', 'Lake Heaven Resort', 'EV000001/EV000001-The-FloatHouse-River-Kwai-1.jpg2_-1-e1595646005420.jpg', 1628384400000, 1628593200000, 10, 18, 30, 'ST03', 1622980781147, 1622980783138),
('EV000002', 'EP000002', 'US000005', 'CPE223 Final Project After Party   ', 'Celebrate finishing the last project of Year 2 CPE33', 'KMUTT, Bangkok, Thailand', 'EV000002/EV000002-Event_1.jpeg', 1623084900000, 1623171540000, 300, 16, 24, 'ST07', 1622980890863, 1622983460546),
('EV000003', 'EP000003', 'US000002', 'เที่ยวฟินแลนด์กับสุดยอด 5 สถานที่ท่องเที่ยวน่าโดน', 'ทุกๆ สิ้นปีเป็นช่วงเวลาของเทศกาลแห่งความสุขทั้งคริสต์มาสต์และปีใหม่ สิ้นปีนี้กระผมจึงขอพาเพื่อนๆ ไปเที่ยวดินแดนแห่งซานตาคลอสอย่างฟินแลนด์กันสักหน่อย', 'Finland', 'EV000003/EV000003-Cover-Finland.jpeg', 1633834800000, 1639566000000, 20, 18, 60, 'ST03', 1622980989356, 1622980990356),
('EV000004', 'EP000004', 'US000005', 'Sushiro at Central World!!', 'Let\'s go eat sushi at Sushiro. It will be a great time for us after a long night of project.', 'Sushiro, Central World', 'EV000004/EV000004-Sushiro.jpeg', 1623909600000, 1623915000000, 12, 15, 30, 'ST03', 1622981119318, 1622981120989),
('EV000005', 'EP000005', 'US000001', 'หาเพื่อนสาวไปคาเฟ่แมวว', 'หาเพื่อนไปค่ะ แต่ละตัวก็ทั้งน่ารัก น่ากอด ทาสแมวสามารถเล่นกับแมวได้ทุกตัว แต่จะอุ้มไหวมั้ยนั้นต้องถามใจดู เพราะน้องแมวที่นี่ตัวใหญ่กันมาก', 'CatNip Café', 'EV000005/EV000005-RequiredInformalGreathornedowl-size_restricted.gif', 1625454000000, 1625486400000, 5, 18, 23, 'ST03', 1622981269654, 1622981269813),
('EV000006', 'EP000008', 'US000001', 'Movie Night!! Lord of The Rings: The fellowship of The Ring', 'Movie night at my house! Don\'t forget to bring snacks with you. It\'s gonna be fun.', 'Note Home, Bangkok', 'EV000006/EV000006-facts-one-ring-lord-of-the-rings.jpeg', 1624107600000, 1624121940000, 10, 18, 28, 'ST15', 1622981454754, 1622981455111),
('EV000007', 'EP000010', 'US000005', 'Medicine Student Study Group ', 'Invite any MED university students to join my study group at my private house in UK. It\'s gonna be a fun trip with knowledge.', 'Private house, UK', 'EV000007/EV000007-20210209-Want-to-study-Medicine-at-University-2022.png', 1625965200000, 1626620400000, 5, 16, 30, 'ST03', 1622983263744, 1622983264176),
('EV000008', 'EP000011', 'US000005', 'CPE231 Final Project Finished Celebration', 'Celebrate finishing the last project of Year 2 CPE33 KMUTT', 'KMUTT, Bangkok', 'EV000008/EV000008-Event_1.jpeg', 1623085200000, 1623171540000, 300, 16, 22, 'ST03', 1622983545890, 1622983547080),
('EV000009', 'EP000015', 'US000005', 'Late Night Hang Out at Omega Bar ', 'I just broke up with my boyfriend, so I want girls to hangout with it. Let\'s have a fun girl talk', 'Omega Bar, Thonglor, Bangkok', 'EV000009/EV000009-luxury_bar.jpeg', 1622991600000, 1625608800000, 3, 20, 30, 'ST03', 1622985147510, 1622985148256),
('EV000010', 'EP000018', 'US000001', 'KEY SHINee Fan Meeting', 'KEY SHINee Fan Meeting', 'Impact Arena', 'EV000010/EV000010-twitter_EyS4Rk5VIAMg8HU.jpg', 1632387600000, 1632398400000, 3000, 13, 80, 'ST07', 1622985739404, 1622986432466),
('EV000011', 'EP000021', 'US000001', 'Chill Chill at Minimalist Cafe', 'I just wanna chill out after a boring lift during quarantine.\n\nThis minimalist cafe is in Australia. So, pls be sure you can make it on the day. NO flight ticket for you na. ', 'Minimalist Cafe, Australia', 'EV000011/EV000011-kitty-burns-cafe-melbourne.jpeg', 1628744400000, 1628755200000, 4, 22, 25, 'ST03', 1622986371173, 1622986371774),
('EV000012', 'EP000027', 'US000001', 'หาตี้ไปกิน Manpuku หน้าม. พรุ่งนี้เที่ยง', 'หาเพื่อนไปกินด้วยย อยากกินมากๆๆ เหงา', 'Manpuku หน้าม.', 'EV000012/EV000012-PgQm.gif', 1623128400000, 1623130200000, 5, 18, 22, 'ST03', 1623002260632, 1623002260838),
('EV000013', 'EP000036', 'US000002', 'ไปว่ายน้ำกันเย็นนี้', 'สระหน้าหมู่บ้าน', 'สระว่ายน้ำของหมู่บ้านทิพวัล', 'EV000013/EV000013-Swimming_GP.jpg', 1623056400000, 1623063600000, 3, 18, 25, 'ST03', 1623005444272, 1623005444323),
('EV000014', 'EP000044', 'US000027', 'Musical : The phantom of the opera at Broadway', 'I have 3 Free tickets for this musical. If anyone wanna join, please contact me via email and I will accept you. Thank you! ', 'Broadway Theatre, NY, USA', 'EV000014/EV000014-Broadway+Theatre+Tickets+Travel.jpeg', 1652446800000, 1652455800000, 4, 20, 50, 'ST03', 1623006274930, 1623006275381),
('EV000015', 'EP000045', 'US000001', 'Japan Trip 2022 : Tokyo and Fuji Mt.', 'Let\'s have a backpack trip in Japan after COVID-19. I really wish COVID-19 soon. Everyone save the money!! and go backpack.', 'Tokyo, Japan', 'EV000015/EV000015-Japan-focus-Our-top-stories-featuring-Japan-s-cosmetics-industry_wrbm_large.jpeg', 1671814800000, 1672678800000, 5, 20, 28, 'ST03', 1623006523994, 1623006525220),
('EV000016', 'EP000049', 'US000027', 'ทัวร์ปฎิบัติธรรม ทริปวันหยุดเจาะ\'คนกรุง\'', 'เชิญชวนญาติโยมทุกท่านโปรแกรมที่เหมาะสมสำหรับการเดินทางไปปฏิบัติธรรมระยะสั้น 3 วัน 2 คืน โดยเลือกเดินทางไปยังวัดป่าและสำนักสงฆ์ในภาคอีสานที่มีสถานปฏิบัติธรรมจำนวนมาก', 'วัดหนังราชวรวิหาร แขวงบางค้อ เขตจอมทอง', 'EV000016/EV000016-246362494cb17c6d6254d86ee305376e.jpg', 1632106800000, 1632538800000, 50, 13, 60, 'ST03', 1623008499169, 1623008499458),
('EV000017', 'EP000053', 'US000004', 'Cafe hopping !!!!', 'This is one of the best cafe in Thailand and I love it <3', 'NANA Coffee Roasters', 'EV000017/EV000017-unnamed.jpg', 1625626800000, 1625637600000, 60, 18, 55, 'ST03', 1623009348599, 1623009349131),
('EV000018', 'EP000054', 'US000004', 'Imagine Dragons Concert', 'Let\'s go watch Imagine Dragons tour with their brand new album', 'BITEC Bangna', 'EV000018/EV000018-A67G0363-NJ-WS-2100x1400.jpg', 1627646100000, 1627653600000, 50, 19, 40, 'ST03', 1623009563369, 1623009563751),
('EV000019', 'EP000061', 'US000004', 'Vaccination Trip ', 'The main reason that I wanted to start this event is I wanted to share accommodation while we were waiting for second doses. Noted that you must have available US VISA.\n', 'NYC, USA', 'EV000019/EV000019-2021-03-11T200339Z_1838474793_RC289M9636OU_RTRMADP_3_HEALTH-CORONAVIRUS-USA.jpg', 1633539600000, 1635526800000, 10, 18, 59, 'ST03', 1623010105556, 1623010105808),
('EV000020', 'EP000062', 'US000001', 'ดูหนังสั้นใน Netflix Party กานนเพื่อนๆ', 'หาเพื่อนดูหนังค้าบ นอนไม่หลับ', 'https://discord.gg/fDseNj4C', 'EV000020/EV000020-netf.gif', 1623010920000, 1623011700000, 6, 18, 25, 'ST03', 1623010288915, 1623010289199),
('EV000021', 'EP000064', 'US000004', 'Clapping for Hospital Workers', 'Since, it is COVID-19 waves 3 in Thailand. A lot of medical workers are working so hard. So, at least there is a sliver lining for cheer them up. You don\'t have to join this event but let\'s spread this campaign!', 'Any area, Thailand', 'EV000021/EV000021-5ae04b0a-75b3-11ea-ab8f-988daf8efd6f_image_hires_135245.jpeg', 1625659200000, 1625659800000, 1000, 13, 70, 'ST03', 1623010458241, 1623010458551),
('EV000022', 'EP000069', 'US000004', 'WWDC 2021 watch party', 'WWDC or World Wide Developer Conference 2021 is the event that apple will announce their new products.', 'Online', 'EV000022/EV000022-wwdc-2021.jpeg', 1625713200000, 1625727600000, 100, 13, 40, 'ST03', 1623010727377, 1623010727625),
('EV000023', 'EP000070', 'US000001', 'สอน html ฟรีครับเพื่อนๆ สนใจมั้ย', 'เราจะเริ่มสอนทุกๆ 20:00 ตั้งแต่พรุ่งนี้ไปจนจบคอร์สเลย', 'https://discord.gg/fDseNj4C', 'EV000023/EV000023-coding.gif', 1623070800000, 1623427200000, 20, 13, 25, 'ST03', 1623010773661, 1623010773882),
('EV000024', 'EP000073', 'US000001', 'ธรรมะเฮฮากับพระมหาสมปอง (มงคลธรรม มงคลชีวิต)', 'เชิญชวนญาติโยมเข้ามาฟังธรรมมะยามเช้า', 'วัดสร้อยทอง (พระอารามหลวง)', 'EV000024/EV000024-phra-maha-sompong-is-involved-in-politics.jpg', 1628380800000, 1628386200000, 1000, 13, 70, 'ST03', 1623011027092, 1623011027306),
('EV000025', 'EP000083', 'US000001', 'Let\'s watch DOTA2 ANIMAJOR ', 'Watch and analyze your favourite team together', 'Online', 'EV000025/EV000025-weplay-animajor.jpg', 1625626800000, 1626192000000, 20, 13, 30, 'ST03', 1623012291104, 1623012291336),
('EV000026', 'EP000084', 'US000005', 'Pre-Study Software Engineering', 'Prepare ourselves for software engineering subject!! We have an online activity with many other online course for us to learn together. ', 'Online, At home', 'EV000026/EV000026-1_SKjEotIqtQ3P0MrBLbncMg.jpeg', 1626336000000, 1627200000000, 200, 16, 40, 'ST03', 1623012371601, 1623012372328),
('EV000027', 'EP000085', 'US000001', 'WINE RUN 5k 2021', 'The Wine Run 5k is all about combining our 2 favorite things:   \n\nRunning (or Walking) and Wine!  While we all work toward reopening at live events and navigating social distancing regulations, we are still running!  \n', 'Bangkok, Thailand', 'EV000027/EV000027-istock-sport-forum-2020.jpg', 1625868000000, 1625886000000, 1000, 18, 40, 'ST03', 1623012421104, 1623012421145),
('EV000028', 'EP000102', 'US000027', 'Old School Reunion MD89', 'Meter dei 89 reunion at Emquatier. The resturant is not decided yet, but it will be soon. So, after join pls check the chat for any update.', 'The Emquatier', 'EV000028/EV000028-6e812ef141fd636ad6b4f31f2feee2dd.jpg', 1627614000000, 1627646400000, 160, 18, 22, 'ST15', 1623023286819, 1623023286841),
('EV000029', 'EP000116', 'US000005', 'Genshin Impact Domains Clearance', 'I need help with Domains Clearance at Ridge Watch. Pls anyone ;-; I\'m world 5.', 'Genshin Impact, Online', 'EV000029/EV000029-genshin_impact.jpeg', 1623070800000, 1623081600000, 4, 13, 40, 'ST03', 1623030964366, 1623030964384),
('EV000030', 'EP000117', 'US000005', 'Breakfast Together via Zoom', 'Just so boring, being alone during covid-19 TT Let\'s eat breakfast together via Zoom. I will send the Zoom link in chatroom.', 'Zoom Meeting', 'EV000030/EV000030-breakfast.jpeg', 1623031860000, 1623033600000, 5, 18, 25, 'ST03', 1623031276335, 1623031276344),
('EV000031', 'EP000124', NULL, 'Starbuck at Icon Siam', 'I\'m at Thailand right now. I wanna go to the new branch of Starbuck at Icon siam. Many people said it\'s so luxury.', 'Icon Siam', 'EV000031/EV000031-icon-siam.jpeg', 1625983200000, 1625997600000, 3, 18, 30, 'ST13', 1623032872245, 1623032872260),
('EV000032', 'EP000131', 'US000027', 'Afternoon Tea at my mansion', 'Anyone is available to join. I will accept everyone. The location will be sent is chatroom after you joined the event. Hope to see you this after noon.', 'Private Mansion', 'EV000032/EV000032-festive-tea-banner.jpeg', 1623042000000, 1623045600000, 500, 13, 80, 'ST03', 1623035321701, 1623035321740);

INSERT INTO `EventCategory` (`event_id`, `category_id`, `status`, `created_at`, `updated_at`) VALUES
('EV000001', 'CA01', 1, 1622980781337, 1622980781337),
('EV000001', 'CA02', 1, 1622980781337, 1622980781337),
('EV000001', 'CA03', 1, 1622980781337, 1622980781337),
('EV000002', 'CA02', 1, 1622980890952, 1622980890952),
('EV000002', 'CA05', 1, 1622980890952, 1622980890952),
('EV000002', 'CA07', 1, 1622980890952, 1622980890952),
('EV000003', 'CA01', 1, 1622980989429, 1622980989429),
('EV000003', 'CA03', 1, 1622980989429, 1622980989429),
('EV000004', 'CA01', 1, 1622981119509, 1622981119509),
('EV000005', 'CA02', 1, 1622981269739, 1622981269739),
('EV000005', 'CA03', 1, 1622981269739, 1622981269739),
('EV000006', 'CA02', 1, 1622981454848, 1622981454848),
('EV000007', 'CA03', 1, 1622983263923, 1622983263923),
('EV000007', 'CA05', 1, 1622983263923, 1622983263923),
('EV000008', 'CA01', 1, 1622983545966, 1622983545966),
('EV000008', 'CA02', 1, 1622983545966, 1622983545966),
('EV000008', 'CA05', 1, 1622983545966, 1622983545966),
('EV000009', 'CA01', 1, 1622985147625, 1622985147625),
('EV000009', 'CA02', 1, 1622985147625, 1622985147625),
('EV000009', 'CA08', 1, 1622985147625, 1622985147625),
('EV000010', 'CA02', 1, 1622985739489, 1622985739489),
('EV000010', 'CA08', 1, 1622985739489, 1622985739489),
('EV000011', 'CA01', 1, 1622986371309, 1622986371309),
('EV000011', 'CA02', 1, 1622986371309, 1622986371309),
('EV000012', 'CA01', 1, 1623002260654, 1623002260654),
('EV000013', 'CA06', 1, 1623005444287, 1623005444287),
('EV000014', 'CA02', 1, 1623006274974, 1623006274974),
('EV000014', 'CA04', 1, 1623006274974, 1623006274974),
('EV000014', 'CA08', 1, 1623006274974, 1623006274974),
('EV000015', 'CA03', 1, 1623006524285, 1623006524285),
('EV000016', 'CA01', 1, 1623008499183, 1623008499183),
('EV000016', 'CA03', 1, 1623008499183, 1623008499183),
('EV000017', 'CA01', 1, 1623009348611, 1623009348611),
('EV000017', 'CA02', 1, 1623009348611, 1623009348611),
('EV000017', 'CA03', 1, 1623009348611, 1623009348611),
('EV000018', 'CA04', 1, 1623009563382, 1623009563382),
('EV000019', 'CA03', 1, 1623010105576, 1623010105576),
('EV000020', 'CA02', 1, 1623010289033, 1623010289033),
('EV000021', 'CA02', 1, 1623010458265, 1623010458265),
('EV000022', 'CA02', 1, 1623010727394, 1623010727394),
('EV000022', 'CA05', 1, 1623010727394, 1623010727394),
('EV000023', 'CA05', 1, 1623010773676, 1623010773676),
('EV000024', 'CA02', 1, 1623011027111, 1623011027111),
('EV000025', 'CA02', 1, 1623012291122, 1623012291122),
('EV000025', 'CA07', 1, 1623012291122, 1623012291122),
('EV000026', 'CA05', 1, 1623012371621, 1623012371621),
('EV000027', 'CA06', 1, 1623012421119, 1623012421119),
('EV000028', 'CA01', 1, 1623023286821, 1623023286821),
('EV000028', 'CA02', 1, 1623023286821, 1623023286821),
('EV000028', 'CA05', 1, 1623023286821, 1623023286821),
('EV000029', 'CA07', 1, 1623030964369, 1623030964369),
('EV000030', 'CA01', 1, 1623031276337, 1623031276337),
('EV000031', 'CA01', 1, 1623032872247, 1623032872247),
('EV000031', 'CA03', 1, 1623032872247, 1623032872247),
('EV000032', 'CA01', 1, 1623035321728, 1623035321728);

INSERT INTO `EventGender` (`event_id`, `gender_id`, `status`, `created_at`, `updated_at`) VALUES
('EV000001', 'GE01', 1, 1622980781339, 1622980781339),
('EV000001', 'GE02', 1, 1622980781339, 1622980781339),
('EV000001', 'GE03', 1, 1622980781339, 1622980781339),
('EV000002', 'GE01', 1, 1622980890953, 1622980890953),
('EV000002', 'GE02', 1, 1622980890953, 1622980890953),
('EV000002', 'GE03', 1, 1622980890953, 1622980890953),
('EV000003', 'GE01', 1, 1622980989430, 1622980989430),
('EV000003', 'GE02', 1, 1622980989430, 1622980989430),
('EV000003', 'GE03', 1, 1622980989430, 1622980989430),
('EV000004', 'GE01', 1, 1622981119510, 1622981119510),
('EV000004', 'GE02', 1, 1622981119510, 1622981119510),
('EV000004', 'GE03', 1, 1622981119510, 1622981119510),
('EV000005', 'GE02', 1, 1622981269740, 1622981269740),
('EV000005', 'GE03', 1, 1622981269740, 1622981269740),
('EV000006', 'GE01', 1, 1622981454848, 1622981454848),
('EV000007', 'GE01', 1, 1622983263924, 1622983263924),
('EV000007', 'GE02', 1, 1622983263924, 1622983263924),
('EV000007', 'GE03', 1, 1622983263924, 1622983263924),
('EV000008', 'GE01', 1, 1622983545967, 1622983545967),
('EV000008', 'GE02', 1, 1622983545967, 1622983545967),
('EV000008', 'GE03', 1, 1622983545967, 1622983545967),
('EV000009', 'GE02', 1, 1622985147627, 1622985147627),
('EV000010', 'GE01', 1, 1622985739491, 1622985739491),
('EV000010', 'GE02', 1, 1622985739491, 1622985739491),
('EV000010', 'GE03', 1, 1622985739491, 1622985739491),
('EV000011', 'GE01', 1, 1622986371311, 1622986371311),
('EV000011', 'GE02', 1, 1622986371311, 1622986371311),
('EV000012', 'GE01', 1, 1623002260656, 1623002260656),
('EV000012', 'GE02', 1, 1623002260656, 1623002260656),
('EV000013', 'GE01', 1, 1623005444288, 1623005444288),
('EV000013', 'GE02', 1, 1623005444288, 1623005444288),
('EV000013', 'GE03', 1, 1623005444288, 1623005444288),
('EV000014', 'GE01', 1, 1623006275024, 1623006275024),
('EV000014', 'GE02', 1, 1623006275024, 1623006275024),
('EV000014', 'GE03', 1, 1623006275024, 1623006275024),
('EV000015', 'GE01', 1, 1623006524336, 1623006524336),
('EV000015', 'GE02', 1, 1623006524336, 1623006524336),
('EV000015', 'GE03', 1, 1623006524336, 1623006524336),
('EV000016', 'GE01', 1, 1623008499196, 1623008499196),
('EV000016', 'GE02', 1, 1623008499196, 1623008499196),
('EV000016', 'GE03', 1, 1623008499196, 1623008499196),
('EV000017', 'GE01', 1, 1623009348623, 1623009348623),
('EV000017', 'GE02', 1, 1623009348623, 1623009348623),
('EV000017', 'GE03', 1, 1623009348623, 1623009348623),
('EV000018', 'GE01', 1, 1623009563385, 1623009563385),
('EV000018', 'GE02', 1, 1623009563385, 1623009563385),
('EV000019', 'GE01', 1, 1623010105580, 1623010105580),
('EV000019', 'GE02', 1, 1623010105580, 1623010105580),
('EV000019', 'GE03', 1, 1623010105580, 1623010105580),
('EV000020', 'GE01', 1, 1623010289035, 1623010289035),
('EV000020', 'GE02', 1, 1623010289035, 1623010289035),
('EV000020', 'GE03', 1, 1623010289035, 1623010289035),
('EV000021', 'GE01', 1, 1623010458277, 1623010458277),
('EV000021', 'GE02', 1, 1623010458277, 1623010458277),
('EV000021', 'GE03', 1, 1623010458277, 1623010458277),
('EV000022', 'GE01', 1, 1623010727403, 1623010727403),
('EV000022', 'GE02', 1, 1623010727403, 1623010727403),
('EV000022', 'GE03', 1, 1623010727403, 1623010727403),
('EV000023', 'GE01', 1, 1623010773678, 1623010773678),
('EV000023', 'GE02', 1, 1623010773678, 1623010773678),
('EV000023', 'GE03', 1, 1623010773678, 1623010773678),
('EV000024', 'GE01', 1, 1623011027124, 1623011027124),
('EV000024', 'GE02', 1, 1623011027124, 1623011027125),
('EV000024', 'GE03', 1, 1623011027125, 1623011027125),
('EV000025', 'GE01', 1, 1623012291132, 1623012291132),
('EV000025', 'GE02', 1, 1623012291132, 1623012291132),
('EV000025', 'GE03', 1, 1623012291132, 1623012291132),
('EV000026', 'GE01', 1, 1623012371623, 1623012371623),
('EV000026', 'GE02', 1, 1623012371623, 1623012371623),
('EV000026', 'GE03', 1, 1623012371623, 1623012371623),
('EV000027', 'GE01', 1, 1623012421121, 1623012421121),
('EV000028', 'GE02', 1, 1623023286824, 1623023286824),
('EV000028', 'GE03', 1, 1623023286824, 1623023286824),
('EV000029', 'GE01', 1, 1623030964370, 1623030964370),
('EV000029', 'GE02', 1, 1623030964370, 1623030964370),
('EV000029', 'GE03', 1, 1623030964370, 1623030964370),
('EV000030', 'GE01', 1, 1623031276337, 1623031276337),
('EV000030', 'GE02', 1, 1623031276337, 1623031276337),
('EV000031', 'GE01', 1, 1623032872249, 1623032872249),
('EV000031', 'GE02', 1, 1623032872249, 1623032872249),
('EV000031', 'GE03', 1, 1623032872249, 1623032872249),
('EV000032', 'GE01', 1, 1623035321729, 1623035321729),
('EV000032', 'GE02', 1, 1623035321729, 1623035321729),
('EV000032', 'GE03', 1, 1623035321729, 1623035321729);

INSERT INTO `EventInvited` (`event_invited_id`, `inviter_id`, `invitee_id`, `status_id`, `created_at`, `updated_at`) VALUES
('EI000001', 'EP000003', 'US000004', 'ST18', 1623000745655, 1623000745655),
('EI000002', 'EP000027', 'US000005', 'ST01', 1623002305185, 1623002628886),
('EI000003', 'EP000027', 'US000002', 'ST01', 1623002355824, 1623003257361),
('EI000004', 'EP000030', 'US000004', 'ST01', 1623003301177, 1623003377612),
('EI000005', 'EP000011', 'US000004', 'ST01', 1623003563002, 1623008703353),
('EI000006', 'EP000011', 'US000003', 'ST18', 1623003576556, 1623003576556),
('EI000007', 'EP000011', 'US000015', 'ST18', 1623003585139, 1623003585139),
('EI000008', 'EP000032', 'US000020', 'ST01', 1623004805965, 1623004850024),
('EI000009', 'EP000036', 'US000001', 'ST01', 1623005523881, 1623005743395),
('EI000010', 'EP000036', 'US000004', 'ST01', 1623005548644, 1623005596545),
('EI000011', 'EP000036', 'US000009', 'ST01', 1623005551384, 1623005564372),
('EI000012', 'EP000036', 'US000010', 'ST01', 1623005691023, 1623005694135),
('EI000013', 'EP000044', 'US000025', 'ST18', 1623007695322, 1623007695322),
('EI000014', 'EP000044', 'US000026', 'ST18', 1623007696659, 1623007696659),
('EI000015', 'EP000021', 'US000007', 'ST18', 1623008476793, 1623008476793),
('EI000016', 'EP000062', 'US000001', 'ST18', 1623010408936, 1623010408936),
('EI000017', 'EP000062', 'US000002', 'ST18', 1623010409355, 1623010409355),
('EI000018', 'EP000062', 'US000004', 'ST18', 1623010410233, 1623010410233),
('EI000019', 'EP000062', 'US000003', 'ST18', 1623010420024, 1623010420024),
('EI000020', 'EP000063', 'US000027', 'ST01', 1623010430971, 1623010513450),
('EI000021', 'EP000063', 'US000025', 'ST01', 1623010431368, 1623010569121),
('EI000022', 'EP000063', 'US000018', 'ST01', 1623010443161, 1623010490441),
('EI000023', 'EP000063', 'US000004', 'ST18', 1623010457910, 1623010457910),
('EI000024', 'EP000063', 'US000017', 'ST01', 1623010471445, 1623010532312),
('EI000025', 'EP000070', 'US000017', 'ST18', 1623010837488, 1623010837488),
('EI000026', 'EP000070', 'US000013', 'ST18', 1623010837983, 1623010837983),
('EI000027', 'EP000070', 'US000016', 'ST18', 1623010840942, 1623010840942),
('EI000028', 'EP000070', 'US000006', 'ST18', 1623010842108, 1623010842108),
('EI000029', 'EP000044', 'US000007', 'ST18', 1623024953380, 1623024953380),
('EI000030', 'EP000045', 'US000026', 'ST01', 1623024976286, 1623025023876),
('EI000031', 'EP000107', 'US000026', 'ST18', 1623027853297, 1623027853297),
('EI000032', 'EP000107', 'US000018', 'ST18', 1623027953839, 1623027953839),
('EI000033', 'EP000107', 'US000004', 'ST18', 1623028152264, 1623028152264),
('EI000034', 'EP000107', 'US000014', 'ST18', 1623028152868, 1623028152868),
('EI000035', 'EP000107', 'US000028', 'ST01', 1623028153701, 1623029150538),
('EI000036', 'EP000107', 'US000034', 'ST18', 1623028571952, 1623028571952),
('EI000037', 'EP000107', 'US000005', 'ST18', 1623028720070, 1623028720070),
('EI000038', 'EP000107', 'US000003', 'ST18', 1623029035380, 1623029035380),
('EI000039', 'EP000107', 'US000013', 'ST18', 1623029245495, 1623029245495),
('EI000040', 'EP000116', 'US000004', 'ST18', 1623031733451, 1623031733451),
('EI000041', 'EP000131', 'US000021', 'ST18', 1623039608684, 1623039608684),
('EI000042', 'EP000131', 'US000003', 'ST18', 1623039609177, 1623039609177),
('EI000043', 'EP000131', 'US000034', 'ST18', 1623039612779, 1623039612779),
('EI000044', 'EP000131', 'US000029', 'ST18', 1623039613092, 1623039613092),
('EI000045', 'EP000131', 'US000009', 'ST18', 1623039613362, 1623039613362);

INSERT INTO `EventModerator` (`event_moderator_id`, `moderator_id`, `status_id`, `created_at`, `updated_at`) VALUES
('EM000001', 'EP000006', 'ST03', 1622981351853, 1622981351853),
('EM000002', 'EP000019', 'ST03', 1622986000966, 1622986000966),
('EM000003', 'EP000028', 'ST03', 1623002361931, 1623002361932),
('EM000004', 'EP000013', 'ST03', 1623003479476, 1623003479476),
('EM000005', 'EP000050', 'ST03', 1623010034115, 1623010034115),
('EM000006', 'EP000063', 'ST03', 1623010385019, 1623010385019),
('EM000007', 'EP000052', 'ST03', 1623010813364, 1623010813364),
('EM000008', 'EP000074', 'ST03', 1623011071026, 1623011071026),
('EM000009', 'EP000087', 'ST03', 1623022927513, 1623022927513),
('EM000010', 'EP000103', 'ST03', 1623024932229, 1623024932229),
('EM000011', 'EP000121', 'ST03', 1623031721008, 1623031721008),
('EM000012', 'EP000132', 'ST03', 1623039591539, 1623039591539);

INSERT INTO `EventParticipant` (`event_participant_id`, `event_id`, `participant_id`, `status_id`, `created_at`, `updated_at`) VALUES
('EP000001', 'EV000001', 'US000001', 'ST11', 1622980781337, 1622980781337),
('EP000002', 'EV000002', 'US000005', 'ST11', 1622980890952, 1622980890952),
('EP000003', 'EV000003', 'US000002', 'ST11', 1622980989429, 1622980989429),
('EP000004', 'EV000004', 'US000005', 'ST11', 1622981119509, 1622981119509),
('EP000005', 'EV000005', 'US000008', 'ST11', 1622981269739, 1622981269739),
('EP000006', 'EV000003', 'US000001', 'ST11', 1622981333313, 1622981348137),
('EP000007', 'EV000004', 'US000001', 'ST11', 1622981335473, 1622981873055),
('EP000008', 'EV000006', 'US000007', 'ST11', 1622981454848, 1622981454848),
('EP000009', 'EV000004', 'US000010', 'ST15', 1622982037731, 1622982048531),
('EP000010', 'EV000007', 'US000013', 'ST11', 1622983263922, 1622983263922),
('EP000011', 'EV000008', 'US000005', 'ST11', 1622983545966, 1622983545966),
('EP000012', 'EV000003', 'US000005', 'ST11', 1622983658778, 1622985612561),
('EP000013', 'EV000008', 'US000001', 'ST11', 1622983743036, 1622985655332),
('EP000014', 'EV000004', 'US000016', 'ST15', 1622984786463, 1622985658768),
('EP000015', 'EV000009', 'US000017', 'ST11', 1622985147625, 1622985147625),
('EP000016', 'EV000001', 'US000016', 'ST11', 1622985508115, 1622985522601),
('EP000017', 'EV000001', 'US000005', 'ST13', 1622985565848, 1622985565848),
('EP000018', 'EV000010', 'US000016', 'ST11', 1622985739488, 1622985739488),
('EP000019', 'EV000010', 'US000001', 'ST11', 1622985976418, 1622985995540),
('EP000020', 'EV000005', 'US000018', 'ST13', 1622986008438, 1622986008438),
('EP000021', 'EV000011', 'US000018', 'ST11', 1622986371309, 1622986371309),
('EP000022', 'EV000005', 'US000005', 'ST13', 1622986636113, 1622986636113),
('EP000023', 'EV000004', 'US000021', 'ST11', 1623001408653, 1623002639894),
('EP000024', 'EV000008', 'US000021', 'ST11', 1623001409383, 1623002637663),
('EP000025', 'EV000008', 'US000020', 'ST11', 1623001440419, 1623002636638),
('EP000026', 'EV000005', 'US000020', 'ST11', 1623001441143, 1623005184299),
('EP000027', 'EV000012', 'US000001', 'ST11', 1623002260653, 1623002260653),
('EP000028', 'EV000012', 'US000008', 'ST11', 1623002328809, 1623002351073),
('EP000029', 'EV000012', 'US000021', 'ST11', 1623002473336, 1623002642758),
('EP000030', 'EV000012', 'US000005', 'ST11', 1623002629128, 1623002643412),
('EP000031', 'EV000001', 'US000024', 'ST11', 1623003021656, 1623005529832),
('EP000032', 'EV000012', 'US000002', 'ST11', 1623003257386, 1623003265989),
('EP000033', 'EV000008', 'US000025', 'ST11', 1623004776713, 1623007446417),
('EP000034', 'EV000012', 'US000020', 'ST13', 1623004850170, 1623004850170),
('EP000035', 'EV000005', 'US000019', 'ST11', 1623005146156, 1623005165687),
('EP000036', 'EV000013', 'US000002', 'ST11', 1623005444286, 1623005444286),
('EP000037', 'EV000013', 'US000009', 'ST11', 1623005564518, 1623005587979),
('EP000038', 'EV000013', 'US000004', 'ST11', 1623005596689, 1623005599682),
('EP000039', 'EV000013', 'US000010', 'ST13', 1623005694277, 1623005694277),
('EP000040', 'EV000013', 'US000001', 'ST13', 1623005743535, 1623005743535),
('EP000041', 'EV000003', 'US000015', 'ST11', 1623006095747, 1623006178090),
('EP000042', 'EV000003', 'US000006', 'ST11', 1623006126094, 1623006180006),
('EP000043', 'EV000003', 'US000009', 'ST13', 1623006151570, 1623006151570),
('EP000044', 'EV000014', 'US000028', 'ST11', 1623006274971, 1623006274971),
('EP000045', 'EV000015', 'US000028', 'ST11', 1623006524283, 1623006524283),
('EP000046', 'EV000008', 'US000027', 'ST11', 1623007389588, 1623007443975),
('EP000047', 'EV000014', 'US000027', 'ST11', 1623007399205, 1623024928347),
('EP000048', 'EV000003', 'US000028', 'ST13', 1623008022731, 1623008022731),
('EP000049', 'EV000016', 'US000029', 'ST11', 1623008499182, 1623008499182),
('EP000050', 'EV000008', 'US000002', 'ST11', 1623008625169, 1623008681670),
('EP000051', 'EV000008', 'US000004', 'ST11', 1623008703516, 1623008723229),
('EP000052', 'EV000016', 'US000005', 'ST11', 1623009211382, 1623010811171),
('EP000053', 'EV000017', 'US000004', 'ST11', 1623009348611, 1623009348611),
('EP000054', 'EV000018', 'US000004', 'ST11', 1623009563380, 1623009563380),
('EP000055', 'EV000008', 'US000030', 'ST11', 1623009783762, 1623010029067),
('EP000056', 'EV000003', 'US000030', 'ST13', 1623009794124, 1623009794124),
('EP000057', 'EV000015', 'US000030', 'ST11', 1623009794830, 1623024966824),
('EP000058', 'EV000004', 'US000030', 'ST13', 1623009800137, 1623009800137),
('EP000059', 'EV000014', 'US000030', 'ST11', 1623009803107, 1623024917737),
('EP000060', 'EV000007', 'US000030', 'ST13', 1623009807474, 1623009807474),
('EP000061', 'EV000019', 'US000004', 'ST11', 1623010105575, 1623010105575),
('EP000062', 'EV000020', 'US000021', 'ST11', 1623010289032, 1623010289032),
('EP000063', 'EV000020', 'US000030', 'ST11', 1623010370034, 1623010380383),
('EP000064', 'EV000021', 'US000004', 'ST11', 1623010458264, 1623010458264),
('EP000065', 'EV000020', 'US000018', 'ST15', 1623010490707, 1623011582723),
('EP000066', 'EV000020', 'US000027', 'ST13', 1623010513729, 1623010513729),
('EP000067', 'EV000020', 'US000017', 'ST13', 1623010532556, 1623010532556),
('EP000068', 'EV000020', 'US000025', 'ST15', 1623010569421, 1623011328654),
('EP000069', 'EV000022', 'US000004', 'ST11', 1623010727393, 1623010727393),
('EP000070', 'EV000023', 'US000001', 'ST11', 1623010773676, 1623010773676),
('EP000071', 'EV000016', 'US000028', 'ST11', 1623010778113, 1623010811765),
('EP000072', 'EV000022', 'US000028', 'ST13', 1623010989602, 1623010989602),
('EP000073', 'EV000024', 'US000029', 'ST11', 1623011027110, 1623011027110),
('EP000074', 'EV000023', 'US000030', 'ST11', 1623011052552, 1623011069333),
('EP000075', 'EV000023', 'US000025', 'ST11', 1623011070947, 1623012614085),
('EP000076', 'EV000016', 'US000018', 'ST11', 1623011646108, 1623013707984),
('EP000077', 'EV000023', 'US000018', 'ST11', 1623011659482, 1623012614988),
('EP000078', 'EV000021', 'US000018', 'ST13', 1623011671785, 1623011671785),
('EP000079', 'EV000019', 'US000018', 'ST13', 1623011675186, 1623011675186),
('EP000080', 'EV000007', 'US000031', 'ST13', 1623011953473, 1623011953473),
('EP000081', 'EV000022', 'US000001', 'ST13', 1623012081694, 1623012081694),
('EP000082', 'EV000016', 'US000001', 'ST11', 1623012164485, 1623013710334),
('EP000083', 'EV000025', 'US000024', 'ST11', 1623012291121, 1623012291121),
('EP000084', 'EV000026', 'US000030', 'ST11', 1623012371621, 1623012371621),
('EP000085', 'EV000027', 'US000031', 'ST11', 1623012421119, 1623012421119),
('EP000086', 'EV000026', 'US000031', 'ST13', 1623012497138, 1623012497138),
('EP000087', 'EV000026', 'US000001', 'ST11', 1623012671878, 1623022922618),
('EP000088', 'EV000019', 'US000001', 'ST13', 1623012798529, 1623012798529),
('EP000089', 'EV000021', 'US000002', 'ST13', 1623012847889, 1623012847889),
('EP000090', 'EV000027', 'US000001', 'ST13', 1623013308672, 1623013308672),
('EP000091', 'EV000011', 'US000033', 'ST13', 1623015865283, 1623015865283),
('EP000092', 'EV000019', 'US000034', 'ST13', 1623021936348, 1623021936348),
('EP000093', 'EV000011', 'US000034', 'ST13', 1623021941933, 1623021941933),
('EP000094', 'EV000024', 'US000035', 'ST13', 1623022344866, 1623022344866),
('EP000095', 'EV000026', 'US000035', 'ST11', 1623022357312, 1623022923674),
('EP000096', 'EV000025', 'US000035', 'ST13', 1623022363426, 1623022363426),
('EP000097', 'EV000023', 'US000036', 'ST13', 1623022646390, 1623022646390),
('EP000098', 'EV000011', 'US000036', 'ST13', 1623022650923, 1623022650923),
('EP000099', 'EV000019', 'US000036', 'ST13', 1623022658427, 1623022658427),
('EP000100', 'EV000005', 'US000030', 'ST13', 1623022947242, 1623022947242),
('EP000101', 'EV000024', 'US000030', 'ST13', 1623022954068, 1623022954068),
('EP000102', 'EV000028', 'US000030', 'ST11', 1623023286821, 1623023286821),
('EP000103', 'EV000014', 'US000025', 'ST11', 1623024788226, 1623024907984),
('EP000104', 'EV000015', 'US000026', 'ST13', 1623025009617, 1623025023883),
('EP000105', 'EV000015', 'US000037', 'ST12', 1623026822132, 1623027362608),
('EP000106', 'EV000008', 'US000037', 'ST12', 1623027312352, 1623027362047),
('EP000107', 'EV000026', 'US000037', 'ST11', 1623027605121, 1623027703691),
('EP000108', 'EV000007', 'US000037', 'ST12', 1623027869686, 1623027900624),
('EP000109', 'EV000001', 'US000037', 'ST12', 1623027878785, 1623027903470),
('EP000110', 'EV000023', 'US000037', 'ST13', 1623027961417, 1623027961417),
('EP000111', 'EV000022', 'US000037', 'ST12', 1623028611806, 1623028625212),
('EP000112', 'EV000025', 'US000037', 'ST12', 1623028746169, 1623028747004),
('EP000113', 'EV000004', 'US000037', 'ST12', 1623029050238, 1623029072348),
('EP000114', 'EV000026', 'US000028', 'ST13', 1623029150545, 1623029150545),
('EP000115', 'EV000016', 'US000037', 'ST13', 1623029257224, 1623029257224),
('EP000116', 'EV000029', 'US000037', 'ST11', 1623030964369, 1623030964369),
('EP000117', 'EV000030', 'US000014', 'ST11', 1623031276337, 1623031276337),
('EP000118', 'EV000030', 'US000037', 'ST11', 1623031332488, 1623031414001),
('EP000119', 'EV000030', 'US000034', 'ST11', 1623031369615, 1623031413271),
('EP000120', 'EV000029', 'US000014', 'ST11', 1623031446418, 1623031712018),
('EP000121', 'EV000029', 'US000011', 'ST11', 1623031474844, 1623031713265),
('EP000122', 'EV000029', 'US000012', 'ST12', 1623031498582, 1623031649229),
('EP000123', 'EV000029', 'US000036', 'ST11', 1623031543021, 1623031714199),
('EP000124', 'EV000031', 'US000018', 'ST11', 1623032872247, 1623032872247),
('EP000125', 'EV000008', 'US000015', 'ST13', 1623032937329, 1623032937329),
('EP000126', 'EV000023', 'US000015', 'ST13', 1623032940810, 1623032940810),
('EP000127', 'EV000026', 'US000015', 'ST13', 1623032944744, 1623032944744),
('EP000128', 'EV000017', 'US000038', 'ST13', 1623033898742, 1623033898742),
('EP000129', 'EV000016', 'US000038', 'ST13', 1623033917226, 1623033917226),
('EP000130', 'EV000021', 'US000038', 'ST13', 1623033923018, 1623033923018),
('EP000131', 'EV000032', 'US000036', 'ST11', 1623035321728, 1623035321728),
('EP000132', 'EV000032', 'US000037', 'ST11', 1623039423212, 1623039581793),
('EP000133', 'EV000032', 'US000028', 'ST11', 1623039446200, 1623039581231),
('EP000134', 'EV000032', 'US000030', 'ST11', 1623039472447, 1623039580454),
('EP000135', 'EV000032', 'US000005', 'ST11', 1623039495635, 1623039579465),
('EP000136', 'EV000032', 'US000014', 'ST11', 1623039511778, 1623039579081),
('EP000137', 'EV000032', 'US000013', 'ST11', 1623039531336, 1623039578642),
('EP000138', 'EV000032', 'US000011', 'ST11', 1623039548426, 1623039578070),
('EP000139', 'EV000032', 'US000017', 'ST13', 1623040297044, 1623040297044);

INSERT INTO `EventReview` (`event_review_id`, `reviewer_id`, `rating`, `comment`, `status_id`, `created_at`, `updated_at`) VALUES
('ER000001', 'EP000118', 5, 'Thank you this really bright up my mood', 'ST02', 1623034167059, 1623034167059),
('ER000002', 'EP000119', 5, 'This event is good. I like it, especially the host. She took care of participants well.', 'ST02', 1623034653425, 1623034653425),
('ER000003', 'EP000138', 3, 'I do not like that he tell the location after joined. And the location is go hard to find!', 'ST02', 1623046347801, 1623046347801);

INSERT INTO `Follower` (`follower_id`, `following_id`, `status_id`, `created_at`, `updated_at`) VALUES
('US000001', 'US000002', 'ST09', 1622980232618, 1622980232618),
('US000001', 'US000003', 'ST09', 1622980237493, 1622980237493),
('US000001', 'US000004', 'ST09', 1622980233570, 1622980233570),
('US000001', 'US000005', 'ST09', 1622980239815, 1622980239815),
('US000001', 'US000015', 'ST09', 1622984266289, 1622984266289),
('US000001', 'US000016', 'ST09', 1623000208209, 1623000208209),
('US000001', 'US000029', 'ST09', 1623012168227, 1623012168227),
('US000001', 'US000031', 'ST09', 1623012425466, 1623012425466),
('US000002', 'US000001', 'ST09', 1623000398709, 1623000398709),
('US000002', 'US000005', 'ST09', 1623000617775, 1623000617775),
('US000002', 'US000010', 'ST06', 1623000413375, 1623000441334),
('US000002', 'US000011', 'ST09', 1623000414643, 1623000414643),
('US000002', 'US000012', 'ST09', 1623000415872, 1623000415872),
('US000005', 'US000001', 'ST09', 1622982215701, 1622982215701),
('US000005', 'US000002', 'ST09', 1622986951811, 1622986951811),
('US000005', 'US000004', 'ST09', 1623003623989, 1623003623989),
('US000005', 'US000007', 'ST09', 1623009241672, 1623009241672),
('US000005', 'US000013', 'ST09', 1623009244336, 1623009244336),
('US000005', 'US000015', 'ST09', 1623003607426, 1623003607426),
('US000005', 'US000019', 'ST09', 1623003626680, 1623003626680),
('US000005', 'US000020', 'ST09', 1623003615021, 1623003615021),
('US000005', 'US000025', 'ST09', 1623009251724, 1623009251724),
('US000005', 'US000026', 'ST09', 1623009253442, 1623009253442),
('US000005', 'US000037', 'ST09', 1623028088865, 1623028088865),
('US000006', 'US000005', 'ST09', 1623006113108, 1623006113108),
('US000006', 'US000023', 'ST09', 1623006113627, 1623006113627),
('US000007', 'US000005', 'ST09', 1622981473376, 1622981473376),
('US000012', 'US000005', 'ST09', 1622982801918, 1622982801918),
('US000012', 'US000008', 'ST09', 1622982772501, 1622982772501),
('US000013', 'US000005', 'ST09', 1622983275844, 1622983275844),
('US000013', 'US000007', 'ST09', 1622983284663, 1622983284663),
('US000014', 'US000011', 'ST09', 1622983905895, 1622983905895),
('US000014', 'US000013', 'ST09', 1622983899078, 1622983899078),
('US000015', 'US000001', 'ST09', 1623032920763, 1623032920763),
('US000015', 'US000002', 'ST09', 1623032918413, 1623032918413),
('US000015', 'US000005', 'ST09', 1623032928650, 1623032928650),
('US000015', 'US000028', 'ST09', 1623032909648, 1623032909648),
('US000015', 'US000029', 'ST09', 1623032906353, 1623032906353),
('US000017', 'US000011', 'ST09', 1622984807065, 1622984807065),
('US000017', 'US000012', 'ST09', 1622984824574, 1622984824574),
('US000017', 'US000013', 'ST09', 1622984790275, 1622984790275),
('US000017', 'US000014', 'ST09', 1622984812274, 1622984812274),
('US000018', 'US000005', 'ST09', 1622986420747, 1622986420747),
('US000018', 'US000008', 'ST09', 1622986010619, 1622986010619),
('US000018', 'US000011', 'ST09', 1623008503168, 1623008503168),
('US000018', 'US000013', 'ST09', 1622986413493, 1622986413493),
('US000018', 'US000014', 'ST09', 1623008487657, 1623008487657),
('US000018', 'US000028', 'ST09', 1623008489615, 1623008489615),
('US000019', 'US000001', 'ST09', 1623001023676, 1623001023676),
('US000019', 'US000002', 'ST09', 1623001024254, 1623001024254),
('US000019', 'US000004', 'ST09', 1623001024832, 1623001024832),
('US000019', 'US000015', 'ST09', 1623001028462, 1623001028462),
('US000020', 'US000001', 'ST09', 1623001164659, 1623001164659),
('US000020', 'US000002', 'ST09', 1623001165378, 1623001165378),
('US000020', 'US000003', 'ST09', 1623001171205, 1623001171205),
('US000020', 'US000004', 'ST09', 1623001165948, 1623001165948),
('US000020', 'US000019', 'ST09', 1623001168795, 1623001168795),
('US000021', 'US000001', 'ST09', 1623001349482, 1623001349482),
('US000021', 'US000002', 'ST09', 1623001349974, 1623001349974),
('US000021', 'US000011', 'ST09', 1623001354881, 1623001354881),
('US000021', 'US000015', 'ST09', 1623001351655, 1623001351655),
('US000021', 'US000019', 'ST09', 1623001352734, 1623001352734),
('US000021', 'US000020', 'ST09', 1623001353934, 1623001353934),
('US000026', 'US000025', 'ST09', 1623004977456, 1623004977456),
('US000027', 'US000025', 'ST09', 1623005167620, 1623005167620),
('US000027', 'US000026', 'ST09', 1623005169276, 1623005169276),
('US000027', 'US000028', 'ST09', 1623007357219, 1623007357219),
('US000028', 'US000025', 'ST09', 1623007811541, 1623007811541),
('US000028', 'US000026', 'ST09', 1623007812161, 1623007812161),
('US000028', 'US000027', 'ST09', 1623007813047, 1623007813047),
('US000028', 'US000037', 'ST09', 1623029185910, 1623029185910),
('US000030', 'US000001', 'ST09', 1623022981818, 1623022981818),
('US000030', 'US000002', 'ST09', 1623022983977, 1623022983977),
('US000030', 'US000003', 'ST09', 1623022987263, 1623022987263),
('US000030', 'US000004', 'ST09', 1623022982784, 1623022982784),
('US000030', 'US000005', 'ST09', 1623022977205, 1623022977205),
('US000030', 'US000013', 'ST09', 1623022973651, 1623022973651),
('US000030', 'US000025', 'ST09', 1623009830396, 1623009830396),
('US000030', 'US000026', 'ST09', 1623009831112, 1623009831112),
('US000030', 'US000027', 'ST09', 1623009831964, 1623009831964),
('US000030', 'US000028', 'ST09', 1623009833523, 1623009833523),
('US000031', 'US000002', 'ST06', 1623012459640, 1623012473367),
('US000031', 'US000004', 'ST09', 1623012449955, 1623012449955),
('US000031', 'US000010', 'ST09', 1623012447574, 1623012447574),
('US000031', 'US000012', 'ST09', 1623012441133, 1623012441133),
('US000031', 'US000017', 'ST09', 1623012442666, 1623012442666),
('US000031', 'US000023', 'ST09', 1623012444100, 1623012444100),
('US000031', 'US000029', 'ST09', 1623012445746, 1623012445746),
('US000033', 'US000013', 'ST09', 1623015789513, 1623015789513),
('US000033', 'US000028', 'ST09', 1623015822192, 1623015822192),
('US000033', 'US000030', 'ST09', 1623015817447, 1623015817447),
('US000034', 'US000001', 'ST09', 1623022132466, 1623022132466),
('US000034', 'US000005', 'ST09', 1623022146483, 1623022146483),
('US000034', 'US000011', 'ST09', 1623022134962, 1623022134962),
('US000034', 'US000013', 'ST09', 1623022102539, 1623022102539),
('US000034', 'US000014', 'ST09', 1623022118008, 1623022118008),
('US000034', 'US000016', 'ST09', 1623022157048, 1623022157048),
('US000034', 'US000017', 'ST09', 1623022136413, 1623022136413),
('US000034', 'US000019', 'ST09', 1623022123746, 1623022123746),
('US000034', 'US000021', 'ST09', 1623022160388, 1623022160388),
('US000034', 'US000025', 'ST09', 1623022158554, 1623022158554),
('US000034', 'US000027', 'ST09', 1623022139035, 1623022139035),
('US000034', 'US000028', 'ST09', 1623022120111, 1623022120111),
('US000034', 'US000029', 'ST09', 1623022161963, 1623022161963),
('US000034', 'US000030', 'ST09', 1623022122159, 1623022122159),
('US000034', 'US000031', 'ST09', 1623022142106, 1623022142106),
('US000034', 'US000033', 'ST09', 1623022162864, 1623022162864),
('US000035', 'US000001', 'ST09', 1623022453178, 1623022453178),
('US000035', 'US000004', 'ST09', 1623022418908, 1623022418908),
('US000035', 'US000005', 'ST09', 1623022424861, 1623022424861),
('US000035', 'US000008', 'ST09', 1623022455686, 1623022455686),
('US000035', 'US000013', 'ST09', 1623022415524, 1623022415524),
('US000035', 'US000014', 'ST09', 1623022460727, 1623022460727),
('US000035', 'US000025', 'ST09', 1623022430329, 1623022430329),
('US000035', 'US000026', 'ST09', 1623022431036, 1623022431036),
('US000035', 'US000027', 'ST09', 1623022432142, 1623022432142),
('US000035', 'US000028', 'ST09', 1623022432746, 1623022432746),
('US000035', 'US000030', 'ST09', 1623022433904, 1623022433904),
('US000035', 'US000034', 'ST09', 1623022462684, 1623022462684),
('US000036', 'US000007', 'ST09', 1623022583470, 1623022583470),
('US000036', 'US000009', 'ST09', 1623022591908, 1623022591908),
('US000036', 'US000012', 'ST09', 1623022622925, 1623022622925),
('US000036', 'US000013', 'ST09', 1623022620316, 1623022620316),
('US000036', 'US000018', 'ST09', 1623022597007, 1623022597007),
('US000036', 'US000021', 'ST09', 1623022601178, 1623022601178),
('US000036', 'US000025', 'ST09', 1623022580017, 1623022580017),
('US000036', 'US000026', 'ST09', 1623022582063, 1623022582063),
('US000036', 'US000027', 'ST09', 1623022582649, 1623022582649),
('US000036', 'US000028', 'ST09', 1623022584707, 1623022584707),
('US000036', 'US000029', 'ST09', 1623022605678, 1623022605678),
('US000036', 'US000030', 'ST09', 1623022585360, 1623022585360),
('US000036', 'US000034', 'ST09', 1623022602743, 1623022602743),
('US000036', 'US000035', 'ST09', 1623022621677, 1623022621677),
('US000037', 'US000003', 'ST09', 1623028971509, 1623028986674),
('US000037', 'US000004', 'ST09', 1623028054630, 1623028054630),
('US000037', 'US000005', 'ST09', 1623027318869, 1623028678435),
('US000037', 'US000012', 'ST09', 1623028798757, 1623028798757),
('US000037', 'US000013', 'ST09', 1623029113805, 1623029113805),
('US000037', 'US000014', 'ST09', 1623028061043, 1623028061043),
('US000037', 'US000018', 'ST09', 1623027618988, 1623027618988),
('US000037', 'US000021', 'ST06', 1623028978552, 1623028985065),
('US000037', 'US000028', 'ST09', 1623027129657, 1623028058690),
('US000037', 'US000030', 'ST09', 1623028057802, 1623028057802),
('US000037', 'US000034', 'ST09', 1623028056609, 1623028056609),
('US000038', 'US000001', 'ST09', 1623033740578, 1623033740578),
('US000038', 'US000002', 'ST09', 1623033741015, 1623033741015),
('US000038', 'US000004', 'ST09', 1623033753043, 1623033753043),
('US000038', 'US000006', 'ST09', 1623033742118, 1623033742118),
('US000038', 'US000007', 'ST09', 1623033730103, 1623033730103),
('US000038', 'US000011', 'ST09', 1623033741692, 1623033741692),
('US000038', 'US000013', 'ST09', 1623033725739, 1623033725739),
('US000038', 'US000015', 'ST09', 1623033743941, 1623033743941),
('US000038', 'US000017', 'ST09', 1623033744357, 1623033744357),
('US000038', 'US000020', 'ST09', 1623033749623, 1623033749623),
('US000038', 'US000025', 'ST09', 1623033731184, 1623033731184),
('US000038', 'US000026', 'ST09', 1623033732240, 1623033732240),
('US000038', 'US000027', 'ST09', 1623033733872, 1623033733872),
('US000038', 'US000028', 'ST09', 1623033733399, 1623033733399),
('US000038', 'US000029', 'ST09', 1623033745865, 1623033745865),
('US000038', 'US000030', 'ST09', 1623033732882, 1623033732882);

INSERT INTO `Gender` (`gender_id`, `gender_name`, `created_at`, `updated_at`) VALUES
('GE01', 'Male', 1618500397, 1618500397),
('GE02', 'Female', 1618500397, 1618500397),
('GE03', 'LGBTQ', 1618500397, 1618500397);

INSERT INTO `ParticipantReview` (`participant_review_id`, `reviewer_id`, `participant_id`, `rating`, `comment`, `status_id`, `created_at`, `updated_at`) VALUES
('PR000001', 'EP000063', 'EP000062', 3, 'He did not take care of participant good enough!!!!', 'ST02', 1623011861176, 1623011861176),
('PR000002', 'EP000118', 'EP000117', 5, 'She is a great host! Love her. Definitely gonna join her event new time.', 'ST02', 1623034201463, 1623034201463),
('PR000003', 'EP000118', 'EP000119', 4, 'He is too quiet. Idk why he even join this event.', 'ST02', 1623034232751, 1623034232751),
('PR000004', 'EP000119', 'EP000118', 4, 'She talked too much, and a bit annoying.', 'ST02', 1623034685759, 1623034685759),
('PR000005', 'EP000138', 'EP000131', 4, 'He is the host. He took care of me really good, still the overall satisfying is low. sry ', 'ST02', 1623046446795, 1623046446795),
('PR000006', 'EP000138', 'EP000132', 5, 'She is cute and I would like to join an event with her again ><', 'ST02', 1623046478791, 1623046478791);

INSERT INTO `PointTransaction` (`point_transaction_id`, `participant_id`, `user_discount_id`, `description`, `amount`, `created_at`, `updated_at`) VALUES
('PT000001', 'EP000001', NULL, 'Host event', 300, 1622980782129, 1622980782129),
('PT000002', 'EP000002', NULL, 'Host event', 300, 1622980891435, 1622980891435),
('PT000003', 'EP000003', NULL, 'Host event', 300, 1622980990024, 1622980990024),
('PT000004', 'EP000004', NULL, 'Host event', 300, 1622981119986, 1622981119986),
('PT000005', 'EP000005', NULL, 'Host event', 300, 1622981286739, 1622981286739),
('PT000006', 'EP000006', NULL, 'Join event', 200, 1622981348269, 1622981348269),
('PT000007', 'EP000007', NULL, 'Join event', 200, 1622981873247, 1622981873247),
('PT000008', 'EP000011', NULL, 'Host event', 300, 1622983546299, 1622983546299),
('PT000009', 'EP000010', NULL, 'Host event', 300, 1622983645833, 1622983645833),
('PT000010', NULL, 'UD000001', 'Buy Discount', 0, 1622983693414, 1622983693414),
('PT000011', NULL, 'UD000002', 'Buy Discount', 400, 1622984281105, 1622984281105),
('PT000012', NULL, 'UD000003', 'Buy Discount', 0, 1622984344417, 1622984344417),
('PT000013', NULL, 'UD000004', 'Buy Discount', 0, 1622984810133, 1622984810133),
('PT000014', 'EP000016', NULL, 'Join event', 200, 1622985522698, 1622985522698),
('PT000015', NULL, 'UD000005', 'Buy Discount', 0, 1622985538936, 1622985538936),
('PT000016', 'EP000012', NULL, 'Join event', 200, 1622985612673, 1622985612673),
('PT000017', 'EP000013', NULL, 'Join event', 200, 1622985655492, 1622985655492),
('PT000018', 'EP000018', NULL, 'Host event', 300, 1622985957858, 1622985957858),
('PT000019', 'EP000019', NULL, 'Join event', 200, 1622985995676, 1622985995676),
('PT000020', NULL, 'UD000006', 'Buy Discount', 0, 1622986043374, 1622986043374),
('PT000021', NULL, 'UD000007', 'Buy Discount', 0, 1622986319702, 1622986319702),
('PT000022', NULL, 'UD000008', 'Buy Discount', 0, 1622987053503, 1622987053503),
('PT000023', NULL, 'UD000009', 'Buy Discount', 400, 1622987132837, 1622987132837),
('PT000024', NULL, 'UD000010', 'Buy Discount', 0, 1623001361928, 1623001361928),
('PT000025', NULL, 'UD000011', 'Buy Discount', 0, 1623001366031, 1623001366031),
('PT000026', 'EP000027', NULL, 'Host event', 300, 1623002260682, 1623002260682),
('PT000027', 'EP000028', NULL, 'Join event', 200, 1623002351091, 1623002351091),
('PT000028', 'EP000025', NULL, 'Join event', 200, 1623002636648, 1623002636648),
('PT000029', 'EP000024', NULL, 'Join event', 200, 1623002637677, 1623002637677),
('PT000030', 'EP000023', NULL, 'Join event', 200, 1623002639911, 1623002639911),
('PT000031', 'EP000029', NULL, 'Join event', 200, 1623002642768, 1623002642768),
('PT000032', 'EP000030', NULL, 'Join event', 200, 1623002643428, 1623002643428),
('PT000033', 'EP000032', NULL, 'Join event', 200, 1623003266002, 1623003266002),
('PT000034', 'EP000035', NULL, 'Join event', 200, 1623005164945, 1623005164945),
('PT000035', 'EP000035', NULL, 'Join event', 200, 1623005165693, 1623005165693),
('PT000036', 'EP000026', NULL, 'Join event', 200, 1623005184315, 1623005184315),
('PT000037', 'EP000036', NULL, 'Host event', 300, 1623005444305, 1623005444305),
('PT000038', 'EP000031', NULL, 'Join event', 200, 1623005529858, 1623005529858),
('PT000039', 'EP000037', NULL, 'Join event', 200, 1623005587995, 1623005587996),
('PT000040', 'EP000038', NULL, 'Join event', 200, 1623005599717, 1623005599717),
('PT000041', 'EP000015', NULL, 'Host event', 300, 1623005694960, 1623005694960),
('PT000042', NULL, 'UD000012', 'Buy Discount', 0, 1623006118434, 1623006118434),
('PT000043', 'EP000041', NULL, 'Join event', 200, 1623006178122, 1623006178122),
('PT000044', 'EP000042', NULL, 'Join event', 200, 1623006180156, 1623006180156),
('PT000045', 'EP000044', NULL, 'Host event', 300, 1623007336984, 1623007336984),
('PT000046', 'EP000046', NULL, 'Join event', 200, 1623007443996, 1623007443996),
('PT000047', 'EP000033', NULL, 'Join event', 200, 1623007446432, 1623007446432),
('PT000048', 'EP000045', NULL, 'Host event', 300, 1623008072298, 1623008072298),
('PT000049', 'EP000021', NULL, 'Host event', 300, 1623008074569, 1623008074569),
('PT000050', 'EP000008', NULL, 'Host event', 300, 1623008079747, 1623008079747),
('PT000051', 'EP000049', NULL, 'Host event', 300, 1623008558139, 1623008558139),
('PT000052', 'EP000050', NULL, 'Join event', 200, 1623008681685, 1623008681685),
('PT000053', 'EP000051', NULL, 'Join event', 200, 1623008723272, 1623008723272),
('PT000054', 'EP000053', NULL, 'Host event', 300, 1623009348650, 1623009348650),
('PT000055', 'EP000054', NULL, 'Host event', 300, 1623009563420, 1623009563420),
('PT000056', 'EP000055', NULL, 'Join event', 200, 1623010029085, 1623010029085),
('PT000057', 'EP000061', NULL, 'Host event', 300, 1623010105610, 1623010105610),
('PT000058', 'EP000062', NULL, 'Host event', 300, 1623010337528, 1623010337528),
('PT000059', 'EP000063', NULL, 'Join event', 200, 1623010380404, 1623010380404),
('PT000060', 'EP000064', NULL, 'Host event', 300, 1623010458338, 1623010458338),
('PT000061', NULL, 'UD000013', 'Buy Discount', 0, 1623010670945, 1623010670945),
('PT000062', NULL, 'UD000014', 'Buy Discount', 0, 1623010681566, 1623010681566),
('PT000063', 'EP000069', NULL, 'Host event', 300, 1623010727432, 1623010727432),
('PT000064', 'EP000070', NULL, 'Host event', 300, 1623010773718, 1623010773718),
('PT000065', 'EP000052', NULL, 'Join event', 200, 1623010811192, 1623010811192),
('PT000066', 'EP000071', NULL, 'Join event', 200, 1623010811783, 1623010811783),
('PT000067', 'EP000074', NULL, 'Join event', 200, 1623011069347, 1623011069347),
('PT000068', NULL, 'UD000015', 'Buy Discount', 0, 1623011698628, 1623011698628),
('PT000069', NULL, 'UD000016', 'Buy Discount', 0, 1623011706824, 1623011706824),
('PT000070', NULL, 'UD000017', 'Buy Discount', 0, 1623011926086, 1623011926086),
('PT000071', NULL, 'UD000018', 'Buy Discount', 200, 1623011934631, 1623011934631),
('PT000072', NULL, 'UD000019', 'Buy Discount', 1000, 1623012101744, 1623012101744),
('PT000073', 'EP000084', NULL, 'Host event', 300, 1623012400735, 1623012400735),
('PT000074', 'EP000085', NULL, 'Host event', 300, 1623012470669, 1623012470669),
('PT000075', 'EP000083', NULL, 'Host event', 300, 1623012475548, 1623012475548),
('PT000076', 'EP000073', NULL, 'Host event', 300, 1623012480238, 1623012480238),
('PT000077', 'EP000075', NULL, 'Join event', 200, 1623012614114, 1623012614114),
('PT000078', 'EP000077', NULL, 'Join event', 200, 1623012615005, 1623012615005),
('PT000079', 'EP000076', NULL, 'Join event', 200, 1623013708014, 1623013708014),
('PT000080', 'EP000082', NULL, 'Join event', 200, 1623013710352, 1623013710352),
('PT000081', NULL, 'UD000020', 'Buy Discount', 0, 1623015884896, 1623015884896),
('PT000082', NULL, 'UD000021', 'Buy Discount', 0, 1623022327673, 1623022327673),
('PT000083', 'EP000087', NULL, 'Join event', 200, 1623022922626, 1623022922626),
('PT000084', 'EP000095', NULL, 'Join event', 200, 1623022923678, 1623022923678),
('PT000085', 'EP000103', NULL, 'Join event', 200, 1623024907987, 1623024907987),
('PT000086', 'EP000059', NULL, 'Join event', 200, 1623024917740, 1623024917740),
('PT000087', 'EP000047', NULL, 'Join event', 200, 1623024928349, 1623024928349),
('PT000088', 'EP000057', NULL, 'Join event', 200, 1623024966826, 1623024966826),
('PT000089', 'EP000107', NULL, 'Join event', 200, 1623027703700, 1623027703700),
('PT000090', 'EP000117', NULL, 'Host event', 300, 1623031292265, 1623031292265),
('PT000091', 'EP000116', NULL, 'Host event', 300, 1623031304944, 1623031304944),
('PT000092', 'EP000119', NULL, 'Join event', 200, 1623031413280, 1623031413280),
('PT000093', 'EP000118', NULL, 'Join event', 200, 1623031414024, 1623031414024),
('PT000094', 'EP000120', NULL, 'Join event', 200, 1623031712021, 1623031712021),
('PT000095', 'EP000121', NULL, 'Join event', 200, 1623031713272, 1623031713272),
('PT000096', 'EP000123', NULL, 'Join event', 200, 1623031714202, 1623031714202),
('PT000097', NULL, 'UD000022', 'Buy Discount', 0, 1623032966118, 1623032966118),
('PT000098', 'EP000131', NULL, 'Host event', 300, 1623035421493, 1623035421493),
('PT000099', 'EP000102', NULL, 'Host event', 300, 1623035446368, 1623035446368),
('PT000100', NULL, 'UD000023', 'Buy Discount', 0, 1623035797656, 1623035797656),
('PT000101', NULL, 'UD000024', 'Buy Discount', 400, 1623035806484, 1623035806484),
('PT000102', NULL, 'UD000025', 'Buy Discount', 400, 1623036810586, 1623036810586),
('PT000103', 'EP000138', NULL, 'Join event', 200, 1623039578073, 1623039578073),
('PT000104', 'EP000137', NULL, 'Join event', 200, 1623039578645, 1623039578645),
('PT000105', 'EP000136', NULL, 'Join event', 200, 1623039579083, 1623039579083),
('PT000106', 'EP000135', NULL, 'Join event', 200, 1623039579468, 1623039579468),
('PT000107', 'EP000134', NULL, 'Join event', 200, 1623039580456, 1623039580456),
('PT000108', 'EP000133', NULL, 'Join event', 200, 1623039581233, 1623039581233),
('PT000109', 'EP000132', NULL, 'Join event', 200, 1623039581796, 1623039581796);

INSERT INTO `Report` (`report_id`, `reporter_id`, `report_type_id`, `title`, `description`, `event_id`, `suspect_id`, `admin_id`, `status_id`, `created_at`, `updated_at`) VALUES
('RP000001', 'US000007', 'RT18', 'Calender for Date selection ', 'Typing date by myself is very inconvenience. I hope you can change it to be calendar selection instead.', NULL, NULL, 'US000001', 'ST14', 1622981588697, 1622981739000),
('RP000002', 'US000008', 'RT02', 'This account is faked.', 'It faked user and dangerous to belong in this application', NULL, 'US000022', 'US000001', 'ST04', 1623001676692, 1623001697000),
('RP000003', 'US000028', 'RT07', 'This account seems to be suspicious', 'I don\'t know is this account fake or spam. But he is weird, idk.', NULL, 'US000022', 'US000001', 'ST14', 1623007953224, 1623012864000),
('RP000004', 'US000018', 'RT18', 'Ended Event Detail', 'I wish I can see the detail and participants of the ended event. If I know who previously joined my event that would be great, so that I can determine who should I accept to join.', NULL, NULL, 'US000001', 'ST14', 1623012798169, 1623012869000),
('RP000005', 'US000018', 'RT02', 'Might be fake, not active', 'This account is not very active. Maybe, this is a fake account! He use this account to spy on me!!!!!', NULL, 'US000012', 'US000025', 'ST14', 1623012893556, 1623034046000),
('RP000006', 'US000034', 'RT16', 'Picture from mobile do not show', 'I tried uploading the pic from my iPhone, but when I logged in, the profile pic do not show. Is there a problem with the web? Or only me who encountered this problem.', NULL, NULL, NULL, 'ST18', 1623022083638, 1623022083638),
('RP000007', 'US000038', 'RT12', 'Why?! 42 is too OLD', 'Just why the hack 42 is too old for a trip aboard. Many other trip as well. I wish people more open to 40+ years old man', 'EV000015', NULL, 'US000025', 'ST14', 1623033888138, 1623036528000);

INSERT INTO `ReportType` (`report_type_id`, `type_name`, `require_event`, `require_suspect`, `status_id`, `created_at`, `updated_at`) VALUES
('RT01', 'Pretending to be someone else', 0, 1, 'ST02', 1618500397, 1618500397),
('RT02', 'Fake user', 0, 1, 'ST02', 1618500397, 1618500397),
('RT03', 'Sexual / Abusive / Hateful content', 0, 1, 'ST02', 1618500397, 1618500397),
('RT04', 'Harmful dangerous acts', 0, 1, 'ST02', 1618500397, 1618500397),
('RT05', 'It appears their account is hacked', 0, 1, 'ST02', 1618500397, 1618500397),
('RT06', 'Terrorism', 0, 1, 'ST02', 1618500397, 1618500397),
('RT07', 'It\'s suspicious of spam', 0, 1, 'ST02', 1618500397, 1618500397),
('RT08', 'Sexual content', 1, 0, 'ST02', 1618500397, 1618500397),
('RT09', 'Hateful / Harmful', 1, 0, 'ST02', 1618500397, 1618500397),
('RT10', 'Spam', 1, 0, 'ST02', 1618500397, 1618500397),
('RT11', 'Violent', 1, 0, 'ST02', 1618500397, 1618500397),
('RT12', 'Infringes my rights', 1, 0, 'ST02', 1618500397, 1618500397),
('RT13', 'Child abuse', 1, 0, 'ST02', 1618500397, 1618500397),
('RT14', 'Terrorism', 1, 0, 'ST02', 1618500397, 1618500397),
('RT15', 'Slow loading time', 0, 0, 'ST02', 1618500397, 1618500397),
('RT16', 'Mobile incompatibility', 0, 0, 'ST02', 1618500397, 1618500397),
('RT17', 'Slow upload speed', 0, 0, 'ST02', 1618500397, 1618500397),
('RT18', 'Poor design', 0, 0, 'ST02', 1618500397, 1618500397),
('RT19', 'Poor or confusing user journey', 0, 0, 'ST02', 1618500397, 1618500397),
('RT20', 'Security issues and certification problems', 0, 0, 'ST02', 1618500397, 1618500397);

INSERT INTO `Role` (`role_id`, `role`, `description`, `created_at`, `updated_at`) VALUES
('RO01', 'Administrator', '-- Administrator Description --', 1618500397, 1618500397),
('RO02', 'Analyst', '-- Analyst Description --', 1618500397, 1618500397),
('RO03', 'Approver', '-- Approver Description --', 1618500397, 1618500397),
('RO04', 'User', '-- User Description --', 1618500397, 1618500397);

INSERT INTO `Status` (`status_id`, `status_name`, `created_at`, `updated_at`) VALUES
('ST01', 'ACCEPTED', 1618500397, 1618500397),
('ST02', 'ACTIVE', 1618500397, 1618500397),
('ST03', 'APPROVED', 1618500397, 1618500397),
('ST04', 'BANNED', 1618500397, 1618500397),
('ST05', 'BLOCKED', 1618500397, 1618500397),
('ST06', 'DEFAULT', 1618500397, 1618500397),
('ST07', 'DELETED', 1618500397, 1618500397),
('ST08', 'EXPIRED', 1618500397, 1618500397),
('ST09', 'FOLLOWING', 1618500397, 1618500397),
('ST10', 'INACTIVE', 1618500397, 1618500397),
('ST11', 'JOINED', 1618500397, 1618500397),
('ST12', 'LEAVED', 1618500397, 1618500397),
('ST13', 'PENDING', 1618500397, 1618500397),
('ST14', 'READ', 1618500397, 1618500397),
('ST15', 'REJECTED', 1618500397, 1618500397),
('ST16', 'UNUSED', 1618500397, 1618500397),
('ST17', 'USED', 1618500397, 1618500397),
('ST18', 'WAITING', 1618500397, 1618500397);

INSERT INTO `User` (`user_id`, `username`, `password`, `email`, `firstname`, `lastname`, `birthdate`, `gender_id`, `phone`, `profile_pic`, `bio`, `role_id`, `status_id`, `created_at`, `updated_at`) VALUES
('US000001', 'pd.piriya', '$2a$08$wG2sJ3SomMaWgePcctgCSORXsdCl0n6bdZYEyWimv5tMR1eE3UBpq', 'piriya.cg@mail.kmutt.ac.th', 'Piriya', 'Chaigul', 986662800000, 'GE01', '0896832465', 'US000001/US000001-000035.jpg', 'This is my bio, CPE 33 KMUTT', 'RO01', 'ST02', 1621931686359, 1622980222297),
('US000002', 'pmpharryx', '$2a$08$y4QcJXQB/mgBaeslsDYQUuArh1SqnMpNitAeE11BQpAfjUJqOzHPm', 'harryphat42@gmail.com', 'Phumiphat', 'Tatiyawonsoonthorn', 970333200000, 'GE01', '0813550992', 'US000002/US000002-52390059_1477312162403180_1754938575041855488_n.jpeg', 'ใครอยากเป็น เศรษฐี ฉันนะสิ ฉันนะสิ', 'RO01', 'ST02', 1621942486359, 1623012665389),
('US000003', 'bmskx', '$2a$08$NtL/yIz4pCgUZ8xuF/0j7OT.CnEPHPLdgoNmzgGeoc73Df1daYXkm', 'bmskx@gmail.com', 'Worachot', 'Yuwamirt', 966013200000, 'GE01', '0819675607', 'US000003/US000003-bm.jpg', 'วันเหงาๆ', 'RO01', 'ST02', 1621949680670, 1622978721113),
('US000004', 'chayapi', '$2a$08$08q6F/HpT9e/OAaIY59k..0NVrtUJWE1KgklM4v1U1k6Q49litGni', 'big.chayanont@gmail.com', 'Chayanont', 'Piyawatcharavijit', 970592400000, 'GE01', '0830052942', 'US000004/US000004-87389694_10215804716582936_2734931068380512256_n - CHAYANONT PIYAWATCHARAVIJIT.jpg', NULL, 'RO01', 'ST02', 1621992885162, 1622978732813),
('US000005', 'fkaoriz', '$2a$08$gUYE7SjZPYNmLI7q7C./sOnV10XZcAxUjWXNvj8GViaB044KxGRkW', 'narapathra.m@mail.kmutt.ac.th', 'Narapathra', 'Morakrant', 1034960400000, 'GE02', '0809093730', 'US000005/US000005-FullSizeRender - NARAPATHRA MORAKRANT.jpg', 'I\'m your creator!! The friendzone app designer <3', 'RO01', 'ST02', 1622000084046, 1622978708677),
('US000006', 'ptmeow', '$2a$08$zb7NopkyBpNp/v2UqczCTeDpB7gCkeiOvrfDmNYvLUx10YskZh2LK', 'pintu99@icloud.com', 'Thipphawan', 'Naphom', 965754000000, 'GE02', '0981549563', 'US000006/US000006-621A02D9-99F1-4BC4-8242-EC05B6B99CC7 - THIPPHAWAN NAPHOM.jpeg', 'Love me Love my cats', 'RO04', 'ST02', 1622094900011, 1622979101281),
('US000007', 'nnnote_noteee', '$2a$08$I0NbBvigkFPZqhcrrvFGaO0ZUN9QC0atpJg5ebOHX70A7CgpJviEm', 'thaweesak.sai@mail.kmutt.ac.th', 'Thaweesak', 'Saiwongse', 921171600000, 'GE01', '0849444142', 'US000007/US000007-69770232_2325975270773727_4557561454743519232_n - NARAPATHRA MORAKRANT.jpg', 'Assumption \' Codian 131 | CPE 31 | KMUTT Gear58', 'RO04', 'ST02', 1622181302888, 1622981621841),
('US000008', 'sjnoolek', '$2a$08$/UJ6WO4nHpCnxT5.WhxwOOovA.1n9CNaZ18E9V0sr7X1eLHg/42WS', 'sjnoolek@gmail.com', 'Siriphorn', 'Jarisu', 983725200000, 'GE02', '0830227994', 'US000008/US000008-138613802_2922640504626356_6532859604840639429_n.jpeg', NULL, 'RO04', 'ST02', 1622182302888, 1622979629280),
('US000009', 'igohang', '$2a$08$4FoQzzofSdNp934E4/fgm.JQiROJNtFBBLxNl8.WwYg56KavbYT/y', 'igohang@gmail.com', 'Warit', 'Tenpipat', 787165200000, 'GE03', '0812456234', 'US000009/US000009-135604963_3998837486794349_8364100090803508229_n.jpeg', NULL, 'RO04', 'ST02', 1622192102000, 1622979751163),
('US000010', 'meta.wish', '$2a$08$sVFaho.guz8EQth2N4ay5.L5h.dDh/vVSDqib3rna6AWsJVf6iq1S', 'meta.wish@gmail.com', 'Looktan', 'Metita', 767898000000, 'GE02', '0823941234', 'US000010/US000010-164606805_3884760798244656_1026722608599021169_n.jpeg', NULL, 'RO04', 'ST02', 1622354102854, 1622979922984),
('US000011', 'p.paploy', '$2a$08$vGnPlYfHk7D8tHVTqOdCwueC8I0IL8Breb0UgPIN96y1Up5elWfgC', 'paploylove@gmail.com', 'Paploy', 'Tatiyamon', 946659600000, 'GE02', '0823197745', 'US000011/US000011-Girl_1 - NARAPATHRA MORAKRANT.png', 'Paploy เองค่ะ! อายุ 21 ชอบไปเที่ยวมากๆๆ เรื่องกินยิ่งชอบเลย~', 'RO04', 'ST02', 1622354232655, 1622980062502),
('US000012', 'taki1990', '$2a$08$7rQ7JscLCChNN7X5dXfI8OJNtCEcxRImX15si692qJfxxeV4gPAJO', 'takiyami@gmail.com', 'Taki', 'Yakamura', 642358800000, 'GE03', '0872349274', 'US000012/US000012-Boy_1.png', '(Jap - Thai) I like playing games, invite me pls. I can play any games.', 'RO04', 'ST02', 1622356632000, 1622982541338),
('US000013', 'sangtaii', '$2a$08$mo2wD17Hzrq8snECV5CW9OJfcHnOV1hsa0VJXxJ57r4F75wvGDclC', 'sangtai.p@gmail.com', 'Sangtai', 'Pipattanarachan', 957805200000, 'GE01', '0942884771', 'US000013/US000013-Boy_4.png', 'Rich boy | Year 4 MEDICINE - Invite me for study group ', 'RO04', 'ST02', 1622363412854, 1622983023426),
('US000014', 'cherry.ry', '$2a$08$h2Zv/KUlXjQrprE3Km0i4uP36DaksPCAzFWNQacLWbcdEuzBWe4eW', 'cherry1000@gmail.com', 'Chayanuch', 'Rattanachareon', 783190800000, 'GE03', '0831892175', 'US000014/US000014-Girl_2.png', '“live a life as prep girl”', 'RO04', 'ST02', 1622363605335, 1622983875480),
('US000015', 'ppsleepy', '$2a$08$cQD/mrpkriZZeefd679l6Oc04xRSI1wNwKgVs8WsKj3SMHG1dXOgC', 'ploypapaas.p@mail.kmutt.ac.th', 'Ploypapas', 'Pianchoopat', 995302800000, 'GE02', '0925027111', 'US000015/US000015-27797491_805314232989557_5966327393689347228_o.jpeg', 'Finger-Style Player', 'RO02', 'ST02', 1622378005470, 1622984105899),
('US000016', 'mmminorrr', '$2a$08$clxedUFDO.Q.rfKfKLo.fOTFLKN.BubDiyfBQ9EwsGE.iXopXbHHe', 'kn.minor@gmail.com', 'Kanyakorn', 'Natiprawat', 827082000000, 'GE02', '0812345678', 'US000016/US000016-385747.jpg', 'This is my bio', 'RO04', 'ST02', 1622514805785, 1622985196049),
('US000017', 'mmmaple', '$2a$08$zNSwQ3NHPxLc8hiOhRKonuAuNDtmCMHd2DdJQXB7T1AWxwdJ6tU9K', 'maple.chan@hotmail.com', 'Mary', 'Panyapisut', 858099600000, 'GE02', '0921483417', 'US000017/US000017-Girl_3.png', 'what’s up guys, it’s me Maple!', 'RO04', 'ST02', 1622514848598, 1622984726732),
('US000018', 'rilialili', '$2a$08$KWV4z7nO5Ynlpw5D/AieTumm25SVfb6hWW2tAffuK6wjKEflMiJL6', 'riliana12@hotmail.com', 'Riliana', 'Reymond', 972925200000, 'GE03', '0847128830', 'US000018/US000018-Boy_2.png', NULL, 'RO04', 'ST02', 1622517325005, 1622985930565),
('US000019', 'pungjung_nc', '$2a$08$jbA67G8Gb4ZdbQdJAPTAy.Czo/zsjP3xlICvJIJtldwVUdk32gBuq', 'pungjung@gmail.com', 'Nacha', 'Hirunyakarn', 970333200000, 'GE02', '0865472215', 'US000019/US000019-168695192_3904653142928306_641135332674278773_n.jpg', 'Pew Banana Pew Pew Banana', 'RO03', 'ST02', 1622520925085, 1623001216841),
('US000020', 'yingspvd', '$2a$08$9snT/REPkIpxHCGepQ/Kg.QwLIXcm7gl2I1SnniRY.uTOerJc7MF2', 'yingspvd@gmail.com', 'Supavadee', 'Phusanam', 966618000000, 'GE02', '0894521756', 'US000020/US000020-156861081_5180397638700104_3192799035729958897_n.jpg', 'Hi, I\'m Ying Nice to meet u', 'RO03', 'ST02', 1622780125000, 1623001199456),
('US000021', 'qbeamm', '$2a$08$1q2j/ugXpHIoJ3e4f19F7OAoTc0KKHfI.3YpNeAaakxA3jIHYD37m', 'qbeamm_beam@hotmail.com', 'Natsarun', 'Rooncharoen', 976122000000, 'GE01', '0814578523', 'US000021/US000021-164004339_5569854439721940_6191914012145026100_n.jpg', NULL, 'RO04', 'ST02', 1622780525085, 1623001340956),
('US000022', 'aj.kob', '$2a$08$/J8PHth8GiyrBCwhMgTaNOqdRPjybVnmbrocFWA1uJfTq6lOrWkti', 'controlc@hotmail.com', 'Tavon', 'Seesenpila', 560365200000, 'GE01', '0875412698', 'US000022/US000022-5e8dc99ffc829854dc556a3a_800x0xcover_tYaLla1E.jpg', 'I\'m Billionaire Programmer', 'RO04', 'ST04', 1622780725000, 1623007804212),
('US000023', 'harryfer', '$2a$08$J2XRjTrGNWETs2sbE6ZdpeYL7GSmT/NgU/0z8vUAs3hOB/fSgwQz6', 'phumiphat.harry@mail.kmutt.ac.th', 'Thananut', 'Thitiworawat', 321469200000, 'GE01', '0840772104', 'US000023/US000023-v3_0473101.jpg', NULL, 'RO04', 'ST02', 1622791558585, 1623001972456),
('US000024', 'pipe_ekr', '$2a$08$d3ry0NXhsYQGf3lHrRbcjO2E/reAKHYVxqtOiLGZ5BH.28mp6kfEu', 'ekarat77@hotmail.com', 'Ekarat', 'Saengsiritongchai', 988650000000, 'GE01', '0848445999', 'US000024/US000024-122704344_363099910.jpg', NULL, 'RO04', 'ST02', 1622795150041, 1623002893325),
('US000025', 'testadmin', '$2a$08$33sw0J.4yu5JcgdCRM6PTOyY7Wz2IsOHIYnBZgwSajfRdQbqnXTlm', 'admin@friendzone.me', 'Admin', 'Test', 960224400000, 'GE02', '0819999999', 'US000025/US000025-Admin.png', 'Admin Account for Test', 'RO01', 'ST02', 1622881554541, 1623036199783),
('US000026', 'testanalyst', '$2a$08$HTPeCdHLi2UbdmYNEqYyzurEAWSkC.giBwl7koQy6aTQtYmYxwHcG', 'analyst@friendzone.me', 'Analyst', 'Analyst', 765910800000, 'GE02', '0829999999', 'US000026/US000026-Analyst.png', 'Analyst Account for Test', 'RO02', 'ST02', 1622881841102, 1623005483252),
('US000027', 'testapprover', '$2a$08$hebKArPQd8zgmQa/BkdXqeuv3/gIcuGSsgILTZvt88AHdwW34lJRe', 'approver@friendzone.me', 'Approver', 'Test', 941475600000, 'GE01', '0839999999', 'US000027/US000027-Approver.png', 'Approver Account for Test', 'RO03', 'ST02', 1623005065456, 1623005510697),
('US000028', 'testcustomer', '$2a$08$NnzQmfYp.8gx5mc1.VPqOuhMRLfEav7Tw2EniZrIqwASmYjkhjQxm', 'customer@friendzone.me', 'Customer', 'Test', 637952400000, 'GE03', '0849999999', 'US000028/US000028-Customer.png', 'Customer Account for Test', 'RO04', 'ST02', 1623005253419, 1623005253746),
('US000029', 'phramaha.sompong', '$2a$08$2SmYCLPT8XV8gZ2Eek05pOd4iC7kv1YbxuR/NivSDPUKiHCC1cX3S', 'sompong.temple@gmail.com', 'PhraMaha', 'Sompong', 449946000000, 'GE01', '0245781394', 'US000029/US000029-OPEN-WEB-พระมหาสมปอง.jpg', 'สัตว์โลกย่อมเป็นไปตามกรรม', 'RO04', 'ST02', 1623008307782, 1623008307951),
('US000030', 'testcustomer2', '$2a$08$JjzGNJM4PfUJTAwkLSY1IOruvF5dTWpftTr0FWaJGx6VzP23YZDQe', 'customer2@friendzone.me', 'Customerr', 'Test', 956250000000, 'GE02', '0859999999', 'US000030/US000030-customer2.png', 'Custumer Account No.2 for Test', 'RO04', 'ST02', 1623009727359, 1623009727977),
('US000031', 'paoowares', '$2a$08$ep9Qrww8FpQym2fzEvkgieE5HMO4UfSnypnreKrXBaEXQPsYqqTdS', 'paoo047@mail.kmutt.ac.th', 'Pawares', 'Chairoonroj Na Ayuthaya', 966272400000, 'GE01', '0811136168', 'US000031/US000031-21557606_113553429384717_297668573322120352_n.jpg', NULL, 'RO04', 'ST02', 1623011513168, 1623011754304),
('US000032', 'nows.jkkp', '$2a$08$Til7ObK6SzYN2PgB5jNsEOsDB05G5UxDoQIQyHmsuYOXXZR/8PSOG', 'jakkaphan_3@gmail.com', 'Jakkaphan', 'Ekrojrattana', 976640400000, 'GE01', '0832220000', 'US000032/US000032-v3_0473101.jpg', NULL, 'RO04', 'ST02', 1623014230175, 1623014230219),
('US000033', 'hermes_', '$2a$08$cy8jdfRncSaQ/uMESc00MOqyD/B/F1IiRI1J/i.0Xip8do7/LjAcu', 'hermeses@gmail.com', 'Hermes', 'Lanchester', 921258000000, 'GE01', '0872234472', 'US000033/US000033-Boy_6.png', 'I\'m a cute boy and I know it ~ <3', 'RO04', 'ST02', 1623015407139, 1623015407510),
('US000034', 'david.cho', '$2a$08$PoglwhKmklcNlv6lCkaDMO9KZPiaHnKPlefSKrEZL1ijZShdSAa4O', 'ddcho@gmail.com', 'David', 'Cho', 826563600000, 'GE01', '0826395563', 'US000034/US000034-Boy_3.png', 'Hi! Nice to meet you guy~ invite me to any event is fine (PS.Sry for poker face profile)', 'RO04', 'ST02', 1623021911036, 1623021911057),
('US000035', 'ttommy_', '$2a$08$BVz90uZjGFKL.5k.Pwbw.uMqiPXIxMd0dR0XJoqqqMKWvoPVLPJbK', 'tommy.t@hotmail.com', 'Tom', 'Scott', 1075050000000, 'GE01', '0895478971', 'US000035/US000035-Boy_5.png', 'Wanna be CPE35 KMUTT', 'RO04', 'ST02', 1623022302627, 1623022302640),
('US000036', 'arthur.fong', '$2a$08$rhoGhqZvwaRw518b87e7n.K8h8Nv1xqXAjVBM392O7nObl6Zoo0Ne', 'arfong@gmail.com', 'Arthur', 'Fong', 900435600000, 'GE01', '0954897221', 'US000036/US000036-Boy_8.png', NULL, 'RO04', 'ST02', 1623022564391, 1623036298567),
('US000037', 'demdemmo', '$2a$08$IkiRUvh9qqK0J9i3QlkQ/uEVFB9NyBQeiOlAwcoWUzX3iNSAFiq2W', 'dem01@friendzone.me', 'Demo', 'Demi', 950288400000, 'GE01', '0977775555', 'US000037/US000037-girl_5.png', 'I\'m a demo account~ ', 'RO04', 'ST02', 1623026612810, 1623035753010),
('US000038', 'danny.j', '$2a$08$NRs3I2jYV4Rdp1xVoR6jHeBG6UR1RZxkPfA.wLVGcbNg8iyupRU9G', 'john.dan@hotmail.com', 'John', 'Danny', 293475600000, 'GE01', '0834173289', 'US000038/US000038-uncle_1.png', '42 is not old for social media ... stop calling me uncle!!', 'RO04', 'ST02', 1623033716400, 1623033716414);

INSERT INTO `UserCategory` (`user_id`, `category_id`, `interest`, `created_at`, `updated_at`) VALUES
('US000001', 'CA01', 1, 1622974289796, 1622974289796),
('US000001', 'CA02', 1, 1622974289796, 1622974289796),
('US000001', 'CA03', 1, 1622974289796, 1622974289796),
('US000001', 'CA04', 1, 1622974289796, 1622974289796),
('US000001', 'CA05', 1, 1622974289796, 1622974289796),
('US000001', 'CA06', 1, 1622974289796, 1622974289796),
('US000001', 'CA07', 1, 1622974289796, 1622974289796),
('US000002', 'CA01', 1, 1622974685382, 1623015516128),
('US000002', 'CA02', 1, 1622974685382, 1623015516128),
('US000002', 'CA03', 0, 1622974685382, 1623015516128),
('US000002', 'CA04', 1, 1622974685382, 1623015516128),
('US000002', 'CA05', 0, 1622974685382, 1623015516128),
('US000002', 'CA06', 1, 1622974685382, 1623015516128),
('US000002', 'CA07', 1, 1622974685382, 1623015516128),
('US000002', 'CA08', 0, 1623015516128, 1623015516128),
('US000003', 'CA01', 1, 1622978269520, 1622978269520),
('US000003', 'CA02', 1, 1622978269520, 1622978269520),
('US000003', 'CA04', 1, 1622978269520, 1622978269520),
('US000003', 'CA05', 1, 1622978269520, 1622978269520),
('US000003', 'CA06', 1, 1622978269520, 1622978269520),
('US000003', 'CA07', 1, 1622978269520, 1622978269520),
('US000004', 'CA03', 1, 1622978564071, 1622978564071),
('US000004', 'CA04', 1, 1622978564071, 1622978564071),
('US000004', 'CA05', 1, 1622978564071, 1622978564071),
('US000005', 'CA01', 1, 1622978679169, 1622978679169),
('US000005', 'CA02', 1, 1622978679169, 1622978679169),
('US000005', 'CA03', 1, 1622978679169, 1622978679169),
('US000005', 'CA04', 1, 1622978679169, 1622978679169),
('US000005', 'CA05', 1, 1622978679169, 1622978679169),
('US000005', 'CA07', 1, 1622978679169, 1622978679169),
('US000006', 'CA01', 1, 1622979111032, 1622979111032),
('US000006', 'CA05', 1, 1622979111032, 1622979111032),
('US000006', 'CA07', 1, 1622979111032, 1622979111032),
('US000007', 'CA01', 1, 1622979227672, 1622979227672),
('US000007', 'CA02', 1, 1622979227672, 1622979227672),
('US000007', 'CA03', 1, 1622979227672, 1622979227672),
('US000007', 'CA04', 1, 1622979227672, 1622979227672),
('US000007', 'CA05', 1, 1622979227672, 1622979227672),
('US000007', 'CA06', 1, 1622979227672, 1622979227672),
('US000007', 'CA07', 1, 1622979227672, 1622979227672),
('US000008', 'CA01', 1, 1622979634159, 1622979634159),
('US000008', 'CA03', 1, 1622979634159, 1622979634159),
('US000008', 'CA04', 1, 1622979634159, 1622979634159),
('US000008', 'CA05', 1, 1622979634159, 1622979634159),
('US000009', 'CA01', 1, 1622979760945, 1622979760945),
('US000009', 'CA02', 1, 1622979760945, 1622979760945),
('US000009', 'CA03', 1, 1622979760945, 1622979760945),
('US000009', 'CA04', 1, 1622979760945, 1622979760945),
('US000009', 'CA05', 1, 1622979760945, 1622979760945),
('US000009', 'CA07', 1, 1622979760945, 1622979760945),
('US000010', 'CA01', 1, 1622979929564, 1622979929564),
('US000010', 'CA02', 1, 1622979929564, 1622979929564),
('US000010', 'CA03', 1, 1622979929564, 1622979929564),
('US000010', 'CA04', 1, 1622979929564, 1622979929564),
('US000010', 'CA05', 1, 1622979929564, 1622979929564),
('US000011', 'CA01', 1, 1622980079195, 1622980079195),
('US000011', 'CA03', 1, 1622980079195, 1622980079195),
('US000011', 'CA04', 1, 1622980079195, 1622980079195),
('US000011', 'CA06', 1, 1622980079195, 1622980079195),
('US000012', 'CA02', 1, 1622982548400, 1622982548400),
('US000012', 'CA07', 1, 1622982548400, 1622982548400),
('US000013', 'CA03', 1, 1622983032462, 1622983032462),
('US000013', 'CA05', 1, 1622983032462, 1622983032462),
('US000013', 'CA06', 1, 1622983032462, 1622983032462),
('US000014', 'CA01', 1, 1622983892177, 1622983892177),
('US000014', 'CA02', 1, 1622983892177, 1622983892177),
('US000014', 'CA03', 1, 1622983892177, 1622983892177),
('US000014', 'CA04', 1, 1622983892177, 1622983892177),
('US000014', 'CA05', 1, 1622983892177, 1622983892177),
('US000015', 'CA01', 1, 1622983958183, 1622983958183),
('US000015', 'CA02', 1, 1622983958183, 1622983958183),
('US000015', 'CA03', 1, 1622983958183, 1622983958183),
('US000015', 'CA05', 1, 1622983958183, 1622983958183),
('US000015', 'CA06', 1, 1622983958183, 1622983958183),
('US000016', 'CA02', 1, 1622984269012, 1622984269012),
('US000016', 'CA03', 1, 1622984269012, 1622984269012),
('US000016', 'CA04', 1, 1622984269012, 1622984269012),
('US000016', 'CA05', 1, 1622984269012, 1622984269012),
('US000017', 'CA01', 1, 1622984748497, 1622984748497),
('US000017', 'CA02', 1, 1622984748497, 1622984748497),
('US000017', 'CA03', 1, 1622984748497, 1622984748497),
('US000017', 'CA04', 1, 1622984748497, 1622984748497),
('US000017', 'CA07', 1, 1622984748497, 1622984748497),
('US000017', 'CA08', 1, 1622984748497, 1622984748497),
('US000018', 'CA01', 1, 1622985947955, 1622985947955),
('US000018', 'CA02', 1, 1622985947955, 1622985947955),
('US000018', 'CA03', 1, 1622985947955, 1622985947955),
('US000018', 'CA05', 1, 1622985947955, 1622985947955),
('US000018', 'CA07', 1, 1622985947955, 1622985947955),
('US000019', 'CA01', 1, 1623003014255, 1623003014255),
('US000019', 'CA02', 0, 1623003014255, 1623003014255),
('US000019', 'CA03', 0, 1623003014255, 1623003014255),
('US000019', 'CA04', 1, 1623003014255, 1623003014255),
('US000019', 'CA05', 1, 1623003014255, 1623003014255),
('US000019', 'CA06', 1, 1623003014255, 1623003014255),
('US000019', 'CA07', 0, 1623003014255, 1623003014255),
('US000019', 'CA08', 0, 1623003014255, 1623003014255),
('US000020', 'CA01', 0, 1623002934208, 1623002934208),
('US000020', 'CA02', 1, 1623002934208, 1623002934208),
('US000020', 'CA03', 1, 1623002934208, 1623002934208),
('US000020', 'CA04', 1, 1623002934208, 1623002934208),
('US000020', 'CA05', 0, 1623002934208, 1623002934208),
('US000020', 'CA06', 1, 1623002934208, 1623002934208),
('US000020', 'CA07', 0, 1623002934208, 1623002934208),
('US000020', 'CA08', 0, 1623002934208, 1623002934208),
('US000021', 'CA01', 1, 1623001400751, 1623001400751),
('US000021', 'CA02', 0, 1623001400751, 1623001400751),
('US000021', 'CA03', 1, 1623001400751, 1623001400751),
('US000021', 'CA04', 0, 1623001400751, 1623001400751),
('US000021', 'CA05', 1, 1623001400751, 1623001400751),
('US000021', 'CA06', 0, 1623001400751, 1623001400751),
('US000021', 'CA07', 0, 1623001400751, 1623001400751),
('US000021', 'CA08', 0, 1623001400751, 1623001400751),
('US000022', 'CA01', 0, 1623003028184, 1623003028184),
('US000022', 'CA02', 1, 1623003028184, 1623003028184),
('US000022', 'CA03', 0, 1623003028184, 1623003028184),
('US000022', 'CA04', 1, 1623003028184, 1623003028184),
('US000022', 'CA05', 1, 1623003028184, 1623003028184),
('US000022', 'CA06', 1, 1623003028184, 1623003028184),
('US000022', 'CA07', 0, 1623003028184, 1623003028184),
('US000022', 'CA08', 1, 1623003028184, 1623003028184),
('US000023', 'CA01', 1, 1623002311986, 1623002311986),
('US000023', 'CA02', 1, 1623002311986, 1623002311986),
('US000023', 'CA03', 0, 1623002311986, 1623002311986),
('US000023', 'CA04', 1, 1623002311986, 1623002311986),
('US000023', 'CA05', 0, 1623002311986, 1623002311986),
('US000023', 'CA06', 0, 1623002311986, 1623002311986),
('US000023', 'CA07', 0, 1623002311986, 1623002311986),
('US000023', 'CA08', 0, 1623002311986, 1623002311986),
('US000024', 'CA01', 1, 1623002896965, 1623002896965),
('US000024', 'CA03', 1, 1623002896965, 1623002896965),
('US000024', 'CA05', 1, 1623002896965, 1623002896965),
('US000025', 'CA01', 1, 1623004682915, 1623004682915),
('US000025', 'CA02', 1, 1623004682915, 1623004682915),
('US000025', 'CA03', 1, 1623004682915, 1623004682915),
('US000025', 'CA04', 1, 1623004682915, 1623004682915),
('US000025', 'CA05', 1, 1623004682915, 1623004682915),
('US000025', 'CA06', 1, 1623004682915, 1623004682915),
('US000025', 'CA07', 1, 1623004682915, 1623004682915),
('US000025', 'CA08', 1, 1623004682915, 1623004682915),
('US000026', 'CA01', 1, 1623004954957, 1623004954957),
('US000026', 'CA02', 1, 1623004954957, 1623004954957),
('US000026', 'CA03', 1, 1623004954957, 1623004954957),
('US000026', 'CA04', 1, 1623004954957, 1623004954957),
('US000026', 'CA05', 1, 1623004954957, 1623004954957),
('US000026', 'CA06', 1, 1623004954957, 1623004954957),
('US000026', 'CA07', 1, 1623004954957, 1623004954957),
('US000026', 'CA08', 1, 1623004954957, 1623004954957),
('US000027', 'CA01', 1, 1623005075800, 1623005075800),
('US000027', 'CA03', 1, 1623005075800, 1623005075800),
('US000027', 'CA04', 1, 1623005075800, 1623005075800),
('US000027', 'CA05', 1, 1623005075800, 1623005075800),
('US000027', 'CA07', 1, 1623005075800, 1623005075800),
('US000027', 'CA08', 1, 1623005075800, 1623005075800),
('US000028', 'CA01', 1, 1623005262906, 1623005262906),
('US000028', 'CA02', 1, 1623005262906, 1623005262906),
('US000028', 'CA03', 1, 1623005262906, 1623005262906),
('US000028', 'CA05', 1, 1623005262906, 1623005262906),
('US000029', 'CA01', 1, 1623008314435, 1623008314435),
('US000029', 'CA03', 1, 1623008314435, 1623008314435),
('US000029', 'CA06', 1, 1623008314435, 1623008314435),
('US000030', 'CA01', 1, 1623009743376, 1623022999122),
('US000030', 'CA02', 1, 1623009743376, 1623022999122),
('US000030', 'CA03', 1, 1623009743376, 1623022999122),
('US000030', 'CA04', 0, 1623022999122, 1623022999122),
('US000030', 'CA05', 1, 1623009743376, 1623022999122),
('US000030', 'CA06', 1, 1623009743376, 1623022999122),
('US000030', 'CA07', 1, 1623009743376, 1623022999122),
('US000030', 'CA08', 1, 1623009743376, 1623022999122),
('US000031', 'CA01', 0, 1623011521328, 1623011938859),
('US000031', 'CA02', 0, 1623011933782, 1623011938859),
('US000031', 'CA03', 0, 1623011933782, 1623011938859),
('US000031', 'CA04', 0, 1623011521328, 1623011938859),
('US000031', 'CA05', 1, 1623011521328, 1623011938859),
('US000031', 'CA06', 1, 1623011933782, 1623011938859),
('US000031', 'CA07', 1, 1623011933782, 1623011938859),
('US000031', 'CA08', 1, 1623011933782, 1623011938859),
('US000032', 'CA08', 1, 1623014242302, 1623014242302),
('US000033', 'CA02', 1, 1623015420841, 1623015420841),
('US000033', 'CA07', 1, 1623015420841, 1623015420841),
('US000033', 'CA08', 1, 1623015420841, 1623015420841),
('US000034', 'CA01', 1, 1623021926211, 1623021926211),
('US000034', 'CA02', 1, 1623021926211, 1623021926211),
('US000034', 'CA03', 1, 1623021926211, 1623021926211),
('US000034', 'CA04', 1, 1623021926211, 1623021926211),
('US000034', 'CA05', 1, 1623021926211, 1623021926211),
('US000034', 'CA06', 1, 1623021926211, 1623021926211),
('US000034', 'CA07', 1, 1623021926211, 1623021926211),
('US000034', 'CA08', 1, 1623021926211, 1623021926211),
('US000035', 'CA02', 1, 1623022317244, 1623022317244),
('US000035', 'CA03', 1, 1623022317244, 1623022317244),
('US000035', 'CA04', 1, 1623022317244, 1623022317244),
('US000035', 'CA05', 1, 1623022317244, 1623022317244),
('US000035', 'CA06', 1, 1623022317244, 1623022317244),
('US000035', 'CA08', 1, 1623022317244, 1623022317244),
('US000036', 'CA01', 1, 1623022574156, 1623022574156),
('US000036', 'CA03', 1, 1623022574156, 1623022574156),
('US000036', 'CA05', 1, 1623022574156, 1623022574156),
('US000037', 'CA01', 1, 1623035561942, 1623043852724),
('US000037', 'CA02', 1, 1623026624308, 1623043852724),
('US000037', 'CA03', 0, 1623026624308, 1623043852724),
('US000037', 'CA04', 0, 1623035561942, 1623043852724),
('US000037', 'CA05', 1, 1623026624308, 1623043852724),
('US000037', 'CA06', 0, 1623035561942, 1623043852724),
('US000037', 'CA07', 1, 1623035561942, 1623043852724),
('US000037', 'CA08', 1, 1623026624308, 1623043852724),
('US000038', 'CA01', 1, 1623033720633, 1623033720633),
('US000038', 'CA02', 1, 1623033720633, 1623033720633),
('US000038', 'CA03', 1, 1623033720633, 1623033720633),
('US000038', 'CA04', 1, 1623033720633, 1623033720633),
('US000038', 'CA05', 1, 1623033720633, 1623033720633),
('US000038', 'CA06', 1, 1623033720633, 1623033720633),
('US000038', 'CA07', 1, 1623033720633, 1623033720633),
('US000038', 'CA08', 1, 1623033720633, 1623033720633);

INSERT INTO `UserDiscount` (`user_discount_id`, `user_id`, `discount_id`, `status_id`, `created_at`, `updated_at`) VALUES
('UD000001', 'US000002', 'DC000002', 'ST16', 1622983693323, 1622983693323),
('UD000002', 'US000001', 'DC000004', 'ST16', 1622984280835, 1622984280835),
('UD000003', 'US000001', 'DC000002', 'ST17', 1622984344339, 1623003237591),
('UD000004', 'US000016', 'DC000002', 'ST17', 1622984809949, 1622984975962),
('UD000005', 'US000005', 'DC000002', 'ST16', 1622985538472, 1622985538472),
('UD000006', 'US000018', 'DC000002', 'ST16', 1622986043148, 1622986043148),
('UD000007', 'US000016', 'DC000002', 'ST16', 1622986319526, 1622986319526),
('UD000008', 'US000001', 'DC000002', 'ST16', 1622987053378, 1622987053378),
('UD000009', 'US000005', 'DC000004', 'ST16', 1622987132618, 1622987132618),
('UD000010', 'US000021', 'DC000002', 'ST16', 1623001361915, 1623001361915),
('UD000011', 'US000021', 'DC000002', 'ST16', 1623001366018, 1623001366018),
('UD000012', 'US000006', 'DC000002', 'ST16', 1623006118422, 1623006118422),
('UD000013', 'US000025', 'DC000007', 'ST16', 1623010670929, 1623010670929),
('UD000014', 'US000025', 'DC000007', 'ST17', 1623010681544, 1623011291595),
('UD000015', 'US000018', 'DC000002', 'ST16', 1623011698606, 1623011698606),
('UD000016', 'US000018', 'DC000007', 'ST16', 1623011706814, 1623011706814),
('UD000017', 'US000030', 'DC000007', 'ST17', 1623011926073, 1623011949526),
('UD000018', 'US000030', 'DC000008', 'ST16', 1623011934615, 1623011934615),
('UD000019', 'US000001', 'DC000005', 'ST17', 1623012101723, 1623012108227),
('UD000020', 'US000033', 'DC000007', 'ST16', 1623015884883, 1623015884883),
('UD000021', 'US000035', 'DC000007', 'ST16', 1623022327671, 1623022327671),
('UD000022', 'US000015', 'DC000007', 'ST16', 1623032966115, 1623032966115),
('UD000023', 'US000037', 'DC000007', 'ST17', 1623035797653, 1623035822276),
('UD000024', 'US000037', 'DC000004', 'ST16', 1623035806482, 1623035806482),
('UD000025', 'US000025', 'DC000004', 'ST16', 1623036810579, 1623036810579);

INSERT INTO `UserInterest` (`user_id`, `event_id`, `interest`, `created_at`, `updated_at`) VALUES
('US000001', 'EV000004', 1, 1623002279791, 1623002279791),
('US000001', 'EV000012', 1, 1623002275276, 1623002275276),
('US000001', 'EV000019', 1, 1623012796719, 1623012796719),
('US000001', 'EV000022', 1, 1623012094244, 1623012094244),
('US000002', 'EV000003', 1, 1623012635383, 1623012635383),
('US000002', 'EV000005', 1, 1623015665858, 1623015665858),
('US000002', 'EV000013', 1, 1623006221979, 1623006221979),
('US000002', 'EV000021', 1, 1623012808830, 1623012808830),
('US000005', 'EV000007', 1, 1622987141124, 1622987141124),
('US000015', 'EV000027', 1, 1623032961219, 1623032961219),
('US000016', 'EV000010', 0, 1622985973435, 1622985975254),
('US000028', 'EV000008', 1, 1623007778059, 1623007778059),
('US000030', 'EV000005', 1, 1623022950138, 1623022950138),
('US000030', 'EV000011', 0, 1623022944389, 1623022945175),
('US000030', 'EV000012', 1, 1623022958237, 1623022958237),
('US000031', 'EV000026', 1, 1623012492267, 1623012492267),
('US000037', 'EV000008', 0, 1623026840370, 1623026943514),
('US000037', 'EV000022', 1, 1623027646617, 1623027646617),
('US000037', 'EV000025', 0, 1623026997057, 1623027079536);



/*!40101 SET SQL_MODE=@OLD_SQL_MODE */;
/*!40014 SET FOREIGN_KEY_CHECKS=@OLD_FOREIGN_KEY_CHECKS */;
/*!40014 SET UNIQUE_CHECKS=@OLD_UNIQUE_CHECKS */;
/*!40101 SET CHARACTER_SET_CLIENT=@OLD_CHARACTER_SET_CLIENT */;
/*!40101 SET CHARACTER_SET_RESULTS=@OLD_CHARACTER_SET_RESULTS */;
/*!40101 SET COLLATION_CONNECTION=@OLD_COLLATION_CONNECTION */;
/*!40111 SET SQL_NOTES=@OLD_SQL_NOTES */;